Custom table,Dataflow,Dataflow name,Timespan,Last update of data,Downloaded at,Source,Source URL,Download URL,About Central bank policy rates,,,,,,,,,,,,,,,,,,,,,,,,,,,,,,,,,,,,,,,,,,,,,,,,,,,,,,,,,,,,,,,,,,,,,,,,,,,,,,,,,,,,,,,,,,,,,,,,,,,,,,,,,,,,,,,,,,,,,,,,,,,,,,,,,,,,,,,,,,,,,,,,,,,,,,,,,,,,,,,,,,,,,,,,,,,,,,,,,,,,,,,,,,,,,,,,,,,,,,,,,,,,,,,,,,,,,,,,,,,,,,,,,,,,,,,,,,,,,,,,,,,,,,,,,,,,,,,,,,,,,,,,,,,,,,,,,,,,,,,,,,,,,,,,,,,,,,,,,,,,,,,,,,,,,,,,,,,,,,,,,,,,,,,,,,,,,,,,,,,,,,,,,,,,,,,,,,,,,,,,,,,,,,,,,,,,,,,,,,,,,,,,,,,,,,,,,,,,,,,,,,,,,,,,,,,,,,,,,,,,,,,,,,,,,,,,,,,,,,,,,,,,,,,,,,,,,,,,,,,,,,,,,,,,,,,,,,,,,,,,,,,,,,,,,,,,,,,,,,,,,,,,,,,,,,,,,,,,,,,,,,,,,,,,,,,,,,,,,,,,,,,,,,,,,,,,,,,,,,,,,,,,,,,,,,,,,,,,,,,,,,,,,,,,,,,,,,,,,,,,,,,,,,,,,,,,,,,,,,,,,,,,,,,,,,,,,,,,,,,,,,,,,,,,,,,,,,,,,,,,,,,,,,,,,,,,,,,,,,,,,,,,,,,,,,,,,,,,,,,,,,,,,,,,,,,,,,,,,,,,,,,,,,,,,,,,,,,,,,,,,,,,,,,,,,,,,,,,,,,,,,,,,,,,,,,,,,,,,,,,,,,,,,,,,,,,,,,,,,,,,,,,,,,,,,,,,,,,,,,,,,,,,,,,,,,,,,,,,,,,,,,,,,,,,,,,,,,,,,,,,,,,,,,,,,,,,,,,,,,,,,,,,,,,,,,,,,,,,,,,,,,,,,,,,,,,,,,,,,,,,,,,,,,,,,,,,,,,,,,,,,,,,,,,,,,,
,"BIS,WS_CBPOL,1.0",Central bank policy rates,1945-01-31 - 2025-01-31,13/02/2025,2025-02-19 20:41 CET,BIS,https://data.bis.org/topics/CBPOL/data?filter=FREQ%3DM%255EREF_AREA_TXT%3DArgentina%257CAustralia%257CBrazil%257CCanada%257CChina%257CFrance%257CGermany%257CIndia%257CIndonesia%257CItaly%257CJapan%257CKorea%257CMexico%257CRussia%257CSaudi%2520Arabia%257CSouth%2520Africa%257CT%25C3%25BCrkiye%257CUnited%2520Kingdom%257CUnited%2520States&selected_ts=BIS%2CWS_CBPOL%2C1.0%255EM.AR%2BAU%2BBR%2BCA%2BCN%2BFR%2BDE%2BIN%2BID%2BIT%2BJP%2BKR%2BMX%2BRU%2BSA%2BZA%2BTR%2BGB%2BUS&data_view=table&rows=REF_AREA&cols=TIME_PERIOD&settings=asc%7Casc%7Ccode,https://data.bis.org/topics/CBPOL/data?filter=FREQ%3DM%255EREF_AREA_TXT%3DArgentina%257CAustralia%257CBrazil%257CCanada%257CChina%257CFrance%257CGermany%257CIndia%257CIndonesia%257CItaly%257CJapan%257CKorea%257CMexico%257CRussia%257CSaudi%2520Arabia%257CSouth%2520Africa%257CT%25C3%25BCrkiye%257CUnited%2520Kingdom%257CUnited%2520States&selected_ts=BIS%2CWS_CBPOL%2C1.0%255EM.AR%2BAU%2BBR%2BCA%2BCN%2BFR%2BDE%2BIN%2BID%2BIT%2BJP%2BKR%2BMX%2BRU%2BSA%2BZA%2BTR%2BGB%2BUS&data_view=table&rows=REF_AREA&cols=TIME_PERIOD&settings=asc%7Casc%7Ccode&file_format=csv&split_frequencies=false&transposed=false&include=code%2Clabel,https://data.bis.org/topics/CBPOL,,,,,,,,,,,,,,,,,,,,,,,,,,,,,,,,,,,,,,,,,,,,,,,,,,,,,,,,,,,,,,,,,,,,,,,,,,,,,,,,,,,,,,,,,,,,,,,,,,,,,,,,,,,,,,,,,,,,,,,,,,,,,,,,,,,,,,,,,,,,,,,,,,,,,,,,,,,,,,,,,,,,,,,,,,,,,,,,,,,,,,,,,,,,,,,,,,,,,,,,,,,,,,,,,,,,,,,,,,,,,,,,,,,,,,,,,,,,,,,,,,,,,,,,,,,,,,,,,,,,,,,,,,,,,,,,,,,,,,,,,,,,,,,,,,,,,,,,,,,,,,,,,,,,,,,,,,,,,,,,,,,,,,,,,,,,,,,,,,,,,,,,,,,,,,,,,,,,,,,,,,,,,,,,,,,,,,,,,,,,,,,,,,,,,,,,,,,,,,,,,,,,,,,,,,,,,,,,,,,,,,,,,,,,,,,,,,,,,,,,,,,,,,,,,,,,,,,,,,,,,,,,,,,,,,,,,,,,,,,,,,,,,,,,,,,,,,,,,,,,,,,,,,,,,,,,,,,,,,,,,,,,,,,,,,,,,,,,,,,,,,,,,,,,,,,,,,,,,,,,,,,,,,,,,,,,,,,,,,,,,,,,,,,,,,,,,,,,,,,,,,,,,,,,,,,,,,,,,,,,,,,,,,,,,,,,,,,,,,,,,,,,,,,,,,,,,,,,,,,,,,,,,,,,,,,,,,,,,,,,,,,,,,,,,,,,,,,,,,,,,,,,,,,,,,,,,,,,,,,,,,,,,,,,,,,,,,,,,,,,,,,,,,,,,,,,,,,,,,,,,,,,,,,,,,,,,,,,,,,,,,,,,,,,,,,,,,,,,,,,,,,,,,,,,,,,,,,,,,,,,,,,,,,,,,,,,,,,,,,,,,,,,,,,,,,,,,,,,,,,,,,,,,,,,,,,,,,,,,,,,,,,,,,,,,,,,,,,,,,,,,,,,,,,,,,,,,,,,,,,,,,,,,,,,,,,,,,,,,,,,,,,,,,,,,,,
,,,,,,,,,,,,,,,,,,,,,,,,,,,,,,,,,,,,,,,,,,,,,,,,,,,,,,,,,,,,,,,,,,,,,,,,,,,,,,,,,,,,,,,,,,,,,,,,,,,,,,,,,,,,,,,,,,,,,,,,,,,,,,,,,,,,,,,,,,,,,,,,,,,,,,,,,,,,,,,,,,,,,,,,,,,,,,,,,,,,,,,,,,,,,,,,,,,,,,,,,,,,,,,,,,,,,,,,,,,,,,,,,,,,,,,,,,,,,,,,,,,,,,,,,,,,,,,,,,,,,,,,,,,,,,,,,,,,,,,,,,,,,,,,,,,,,,,,,,,,,,,,,,,,,,,,,,,,,,,,,,,,,,,,,,,,,,,,,,,,,,,,,,,,,,,,,,,,,,,,,,,,,,,,,,,,,,,,,,,,,,,,,,,,,,,,,,,,,,,,,,,,,,,,,,,,,,,,,,,,,,,,,,,,,,,,,,,,,,,,,,,,,,,,,,,,,,,,,,,,,,,,,,,,,,,,,,,,,,,,,,,,,,,,,,,,,,,,,,,,,,,,,,,,,,,,,,,,,,,,,,,,,,,,,,,,,,,,,,,,,,,,,,,,,,,,,,,,,,,,,,,,,,,,,,,,,,,,,,,,,,,,,,,,,,,,,,,,,,,,,,,,,,,,,,,,,,,,,,,,,,,,,,,,,,,,,,,,,,,,,,,,,,,,,,,,,,,,,,,,,,,,,,,,,,,,,,,,,,,,,,,,,,,,,,,,,,,,,,,,,,,,,,,,,,,,,,,,,,,,,,,,,,,,,,,,,,,,,,,,,,,,,,,,,,,,,,,,,,,,,,,,,,,,,,,,,,,,,,,,,,,,,,,,,,,,,,,,,,,,,,,,,,,,,,,,,,,,,,,,,,,,,,,,,,,,,,,,,,,,,,,,,,,,,,,,,,,,,,,,,,,,,,,,,,,,,,,,,,,,,,,,,,,,,,,,,,,,,,,,,,,,,,,,,,,,,,,,,,,,,,,,,,,,,,,,,,,,,,,,,,,,,,,,,,,,,,,,,,,,,
REF_AREA,01/01/1945,01/02/1945,01/03/1945,01/04/1945,01/05/1945,01/06/1945,01/07/1945,01/08/1945,01/09/1945,01/10/1945,01/11/1945,01/12/1945,01/01/1946,01/02/1946,01/03/1946,01/04/1946,01/05/1946,01/06/1946,01/07/1946,01/08/1946,01/09/1946,01/10/1946,01/11/1946,01/12/1946,01/01/1947,01/02/1947,01/03/1947,01/04/1947,01/05/1947,01/06/1947,01/07/1947,01/08/1947,01/09/1947,01/10/1947,01/11/1947,01/12/1947,01/01/1948,01/02/1948,01/03/1948,01/04/1948,01/05/1948,01/06/1948,01/07/1948,01/08/1948,01/09/1948,01/10/1948,01/11/1948,01/12/1948,01/01/1949,01/02/1949,01/03/1949,01/04/1949,01/05/1949,01/06/1949,01/07/1949,01/08/1949,01/09/1949,01/10/1949,01/11/1949,01/12/1949,01/01/1950,01/02/1950,01/03/1950,01/04/1950,01/05/1950,01/06/1950,01/07/1950,01/08/1950,01/09/1950,01/10/1950,01/11/1950,01/12/1950,01/01/1951,01/02/1951,01/03/1951,01/04/1951,01/05/1951,01/06/1951,01/07/1951,01/08/1951,01/09/1951,01/10/1951,01/11/1951,01/12/1951,01/01/1952,01/02/1952,01/03/1952,01/04/1952,01/05/1952,01/06/1952,01/07/1952,01/08/1952,01/09/1952,01/10/1952,01/11/1952,01/12/1952,01/01/1953,01/02/1953,01/03/1953,01/04/1953,01/05/1953,01/06/1953,01/07/1953,01/08/1953,01/09/1953,01/10/1953,01/11/1953,01/12/1953,01/01/1954,01/02/1954,01/03/1954,01/04/1954,01/05/1954,01/06/1954,01/07/1954,01/08/1954,01/09/1954,01/10/1954,01/11/1954,01/12/1954,01/01/1955,01/02/1955,01/03/1955,01/04/1955,01/05/1955,01/06/1955,01/07/1955,01/08/1955,01/09/1955,01/10/1955,01/11/1955,01/12/1955,01/01/1956,01/02/1956,01/03/1956,01/04/1956,01/05/1956,01/06/1956,01/07/1956,01/08/1956,01/09/1956,01/10/1956,01/11/1956,01/12/1956,01/01/1957,01/02/1957,01/03/1957,01/04/1957,01/05/1957,01/06/1957,01/07/1957,01/08/1957,01/09/1957,01/10/1957,01/11/1957,01/12/1957,01/01/1958,01/02/1958,01/03/1958,01/04/1958,01/05/1958,01/06/1958,01/07/1958,01/08/1958,01/09/1958,01/10/1958,01/11/1958,01/12/1958,01/01/1959,01/02/1959,01/03/1959,01/04/1959,01/05/1959,01/06/1959,01/07/1959,01/08/1959,01/09/1959,01/10/1959,01/11/1959,01/12/1959,01/01/1960,01/02/1960,01/03/1960,01/04/1960,01/05/1960,01/06/1960,01/07/1960,01/08/1960,01/09/1960,01/10/1960,01/11/1960,01/12/1960,01/01/1961,01/02/1961,01/03/1961,01/04/1961,01/05/1961,01/06/1961,01/07/1961,01/08/1961,01/09/1961,01/10/1961,01/11/1961,01/12/1961,01/01/1962,01/02/1962,01/03/1962,01/04/1962,01/05/1962,01/06/1962,01/07/1962,01/08/1962,01/09/1962,01/10/1962,01/11/1962,01/12/1962,01/01/1963,01/02/1963,01/03/1963,01/04/1963,01/05/1963,01/06/1963,01/07/1963,01/08/1963,01/09/1963,01/10/1963,01/11/1963,01/12/1963,01/01/1964,01/02/1964,01/03/1964,01/04/1964,01/05/1964,01/06/1964,01/07/1964,01/08/1964,01/09/1964,01/10/1964,01/11/1964,01/12/1964,01/01/1965,01/02/1965,01/03/1965,01/04/1965,01/05/1965,01/06/1965,01/07/1965,01/08/1965,01/09/1965,01/10/1965,01/11/1965,01/12/1965,01/01/1966,01/02/1966,01/03/1966,01/04/1966,01/05/1966,01/06/1966,01/07/1966,01/08/1966,01/09/1966,01/10/1966,01/11/1966,01/12/1966,01/01/1967,01/02/1967,01/03/1967,01/04/1967,01/05/1967,01/06/1967,01/07/1967,01/08/1967,01/09/1967,01/10/1967,01/11/1967,01/12/1967,01/01/1968,01/02/1968,01/03/1968,01/04/1968,01/05/1968,01/06/1968,01/07/1968,01/08/1968,01/09/1968,01/10/1968,01/11/1968,01/12/1968,01/01/1969,01/02/1969,01/03/1969,01/04/1969,01/05/1969,01/06/1969,01/07/1969,01/08/1969,01/09/1969,01/10/1969,01/11/1969,01/12/1969,01/01/1970,01/02/1970,01/03/1970,01/04/1970,01/05/1970,01/06/1970,01/07/1970,01/08/1970,01/09/1970,01/10/1970,01/11/1970,01/12/1970,01/01/1971,01/02/1971,01/03/1971,01/04/1971,01/05/1971,01/06/1971,01/07/1971,01/08/1971,01/09/1971,01/10/1971,01/11/1971,01/12/1971,01/01/1972,01/02/1972,01/03/1972,01/04/1972,01/05/1972,01/06/1972,01/07/1972,01/08/1972,01/09/1972,01/10/1972,01/11/1972,01/12/1972,01/01/1973,01/02/1973,01/03/1973,01/04/1973,01/05/1973,01/06/1973,01/07/1973,01/08/1973,01/09/1973,01/10/1973,01/11/1973,01/12/1973,01/01/1974,01/02/1974,01/03/1974,01/04/1974,01/05/1974,01/06/1974,01/07/1974,01/08/1974,01/09/1974,01/10/1974,01/11/1974,01/12/1974,01/01/1975,01/02/1975,01/03/1975,01/04/1975,01/05/1975,01/06/1975,01/07/1975,01/08/1975,01/09/1975,01/10/1975,01/11/1975,01/12/1975,01/01/1976,01/02/1976,01/03/1976,01/04/1976,01/05/1976,01/06/1976,01/07/1976,01/08/1976,01/09/1976,01/10/1976,01/11/1976,01/12/1976,01/01/1977,01/02/1977,01/03/1977,01/04/1977,01/05/1977,01/06/1977,01/07/1977,01/08/1977,01/09/1977,01/10/1977,01/11/1977,01/12/1977,01/01/1978,01/02/1978,01/03/1978,01/04/1978,01/05/1978,01/06/1978,01/07/1978,01/08/1978,01/09/1978,01/10/1978,01/11/1978,01/12/1978,01/01/1979,01/02/1979,01/03/1979,01/04/1979,01/05/1979,01/06/1979,01/07/1979,01/08/1979,01/09/1979,01/10/1979,01/11/1979,01/12/1979,01/01/1980,01/02/1980,01/03/1980,01/04/1980,01/05/1980,01/06/1980,01/07/1980,01/08/1980,01/09/1980,01/10/1980,01/11/1980,01/12/1980,01/01/1981,01/02/1981,01/03/1981,01/04/1981,01/05/1981,01/06/1981,01/07/1981,01/08/1981,01/09/1981,01/10/1981,01/11/1981,01/12/1981,01/01/1982,01/02/1982,01/03/1982,01/04/1982,01/05/1982,01/06/1982,01/07/1982,01/08/1982,01/09/1982,01/10/1982,01/11/1982,01/12/1982,01/01/1983,01/02/1983,01/03/1983,01/04/1983,01/05/1983,01/06/1983,01/07/1983,01/08/1983,01/09/1983,01/10/1983,01/11/1983,01/12/1983,01/01/1984,01/02/1984,01/03/1984,01/04/1984,01/05/1984,01/06/1984,01/07/1984,01/08/1984,01/09/1984,01/10/1984,01/11/1984,01/12/1984,01/01/1985,01/02/1985,01/03/1985,01/04/1985,01/05/1985,01/06/1985,01/07/1985,01/08/1985,01/09/1985,01/10/1985,01/11/1985,01/12/1985,01/01/1986,01/02/1986,01/03/1986,01/04/1986,01/05/1986,01/06/1986,01/07/1986,01/08/1986,01/09/1986,01/10/1986,01/11/1986,01/12/1986,01/01/1987,01/02/1987,01/03/1987,01/04/1987,01/05/1987,01/06/1987,01/07/1987,01/08/1987,01/09/1987,01/10/1987,01/11/1987,01/12/1987,01/01/1988,01/02/1988,01/03/1988,01/04/1988,01/05/1988,01/06/1988,01/07/1988,01/08/1988,01/09/1988,01/10/1988,01/11/1988,01/12/1988,01/01/1989,01/02/1989,01/03/1989,01/04/1989,01/05/1989,01/06/1989,01/07/1989,01/08/1989,01/09/1989,01/10/1989,01/11/1989,01/12/1989,01/01/1990,01/02/1990,01/03/1990,01/04/1990,01/05/1990,01/06/1990,01/07/1990,01/08/1990,01/09/1990,01/10/1990,01/11/1990,01/12/1990,01/01/1991,01/02/1991,01/03/1991,01/04/1991,01/05/1991,01/06/1991,01/07/1991,01/08/1991,01/09/1991,01/10/1991,01/11/1991,01/12/1991,01/01/1992,01/02/1992,01/03/1992,01/04/1992,01/05/1992,01/06/1992,01/07/1992,01/08/1992,01/09/1992,01/10/1992,01/11/1992,01/12/1992,01/01/1993,01/02/1993,01/03/1993,01/04/1993,01/05/1993,01/06/1993,01/07/1993,01/08/1993,01/09/1993,01/10/1993,01/11/1993,01/12/1993,01/01/1994,01/02/1994,01/03/1994,01/04/1994,01/05/1994,01/06/1994,01/07/1994,01/08/1994,01/09/1994,01/10/1994,01/11/1994,01/12/1994,01/01/1995,01/02/1995,01/03/1995,01/04/1995,01/05/1995,01/06/1995,01/07/1995,01/08/1995,01/09/1995,01/10/1995,01/11/1995,01/12/1995,01/01/1996,01/02/1996,01/03/1996,01/04/1996,01/05/1996,01/06/1996,01/07/1996,01/08/1996,01/09/1996,01/10/1996,01/11/1996,01/12/1996,01/01/1997,01/02/1997,01/03/1997,01/04/1997,01/05/1997,01/06/1997,01/07/1997,01/08/1997,01/09/1997,01/10/1997,01/11/1997,01/12/1997,01/01/1998,01/02/1998,01/03/1998,01/04/1998,01/05/1998,01/06/1998,01/07/1998,01/08/1998,01/09/1998,01/10/1998,01/11/1998,01/12/1998,01/01/1999,01/02/1999,01/03/1999,01/04/1999,01/05/1999,01/06/1999,01/07/1999,01/08/1999,01/09/1999,01/10/1999,01/11/1999,01/12/1999,01/01/2000,01/02/2000,01/03/2000,01/04/2000,01/05/2000,01/06/2000,01/07/2000,01/08/2000,01/09/2000,01/10/2000,01/11/2000,01/12/2000,01/01/2001,01/02/2001,01/03/2001,01/04/2001,01/05/2001,01/06/2001,01/07/2001,01/08/2001,01/09/2001,01/10/2001,01/11/2001,01/12/2001,01/01/2002,01/02/2002,01/03/2002,01/04/2002,01/05/2002,01/06/2002,01/07/2002,01/08/2002,01/09/2002,01/10/2002,01/11/2002,01/12/2002,01/01/2003,01/02/2003,01/03/2003,01/04/2003,01/05/2003,01/06/2003,01/07/2003,01/08/2003,01/09/2003,01/10/2003,01/11/2003,01/12/2003,01/01/2004,01/02/2004,01/03/2004,01/04/2004,01/05/2004,01/06/2004,01/07/2004,01/08/2004,01/09/2004,01/10/2004,01/11/2004,01/12/2004,01/01/2005,01/02/2005,01/03/2005,01/04/2005,01/05/2005,01/06/2005,01/07/2005,01/08/2005,01/09/2005,01/10/2005,01/11/2005,01/12/2005,01/01/2006,01/02/2006,01/03/2006,01/04/2006,01/05/2006,01/06/2006,01/07/2006,01/08/2006,01/09/2006,01/10/2006,01/11/2006,01/12/2006,01/01/2007,01/02/2007,01/03/2007,01/04/2007,01/05/2007,01/06/2007,01/07/2007,01/08/2007,01/09/2007,01/10/2007,01/11/2007,01/12/2007,01/01/2008,01/02/2008,01/03/2008,01/04/2008,01/05/2008,01/06/2008,01/07/2008,01/08/2008,01/09/2008,01/10/2008,01/11/2008,01/12/2008,01/01/2009,01/02/2009,01/03/2009,01/04/2009,01/05/2009,01/06/2009,01/07/2009,01/08/2009,01/09/2009,01/10/2009,01/11/2009,01/12/2009,01/01/2010,01/02/2010,01/03/2010,01/04/2010,01/05/2010,01/06/2010,01/07/2010,01/08/2010,01/09/2010,01/10/2010,01/11/2010,01/12/2010,01/01/2011,01/02/2011,01/03/2011,01/04/2011,01/05/2011,01/06/2011,01/07/2011,01/08/2011,01/09/2011,01/10/2011,01/11/2011,01/12/2011,01/01/2012,01/02/2012,01/03/2012,01/04/2012,01/05/2012,01/06/2012,01/07/2012,01/08/2012,01/09/2012,01/10/2012,01/11/2012,01/12/2012,01/01/2013,01/02/2013,01/03/2013,01/04/2013,01/05/2013,01/06/2013,01/07/2013,01/08/2013,01/09/2013,01/10/2013,01/11/2013,01/12/2013,01/01/2014,01/02/2014,01/03/2014,01/04/2014,01/05/2014,01/06/2014,01/07/2014,01/08/2014,01/09/2014,01/10/2014,01/11/2014,01/12/2014,01/01/2015,01/02/2015,01/03/2015,01/04/2015,01/05/2015,01/06/2015,01/07/2015,01/08/2015,01/09/2015,01/10/2015,01/11/2015,01/12/2015,01/01/2016,01/02/2016,01/03/2016,01/04/2016,01/05/2016,01/06/2016,01/07/2016,01/08/2016,01/09/2016,01/10/2016,01/11/2016,01/12/2016,01/01/2017,01/02/2017,01/03/2017,01/04/2017,01/05/2017,01/06/2017,01/07/2017,01/08/2017,01/09/2017,01/10/2017,01/11/2017,01/12/2017,01/01/2018,01/02/2018,01/03/2018,01/04/2018,01/05/2018,01/06/2018,01/07/2018,01/08/2018,01/09/2018,01/10/2018,01/11/2018,01/12/2018,01/01/2019,01/02/2019,01/03/2019,01/04/2019,01/05/2019,01/06/2019,01/07/2019,01/08/2019,01/09/2019,01/10/2019,01/11/2019,01/12/2019,01/01/2020,01/02/2020,01/03/2020,01/04/2020,01/05/2020,01/06/2020,01/07/2020,01/08/2020,01/09/2020,01/10/2020,01/11/2020,01/12/2020,01/01/2021,01/02/2021,01/03/2021,01/04/2021,01/05/2021,01/06/2021,01/07/2021,01/08/2021,01/09/2021,01/10/2021,01/11/2021,01/12/2021,01/01/2022,01/02/2022,01/03/2022,01/04/2022,01/05/2022,01/06/2022,01/07/2022,01/08/2022,01/09/2022,01/10/2022,01/11/2022,01/12/2022,01/01/2023,01/02/2023,01/03/2023,01/04/2023,01/05/2023,01/06/2023,01/07/2023,01/08/2023,01/09/2023,01/10/2023,01/11/2023,01/12/2023,01/01/2024,01/02/2024,01/03/2024,01/04/2024,01/05/2024,01/06/2024,01/07/2024,01/08/2024,01/09/2024,01/10/2024,01/11/2024,01/12/2024,01/01/2025
AR,,,,,,,,,,,,,,,,,,,,,,,,,,,,,,,,,,,,,,,,,,,,,,,,,,,,,,,,,,,,,,,,,,,,,,,,,,,,,,,,,,,,,,,,,,,,,,,,,,,,,,,,,,,,,,,,,,,,,,,,,,,,,,,,,,,,,,,,,,,,,,,,,,,,,,,,,,,,,,,,,,,,,,,,,,,,,,,,,,,,,,,,,,,,,,,,,,,,,,,,,,,,,,,,,,,,,,,,,,,,,,,,,,,,,,,,,,,,,,,,,,,,,,,,,,,,,,,,,,,,,,,,,,,,,,,,,,,,,,,,,,,,,,,,,,,,,,,,,,,,,,,,,,,,,,,,,,,,,,,,,,,,,,,,,,,,,,,,,,,,,,,,,,,,,,,,,,,,,,,,,,,,,,,,,,,,,,,,,,,,,,,,,,,,,,,,,,,,,,,,,,,,,,,,,,,,,,,,,,,,,,,,,,,,,,,,,,,,,,,,,,,,,,,,,,,,,,,,,,,,,,,,,,,,,,,,,,,,,,,,,,,,,,,,,,,,,,,,,,,,,,,,,,,,,,,,,,,,,,,,,,,,,,,,,,,,,,,,,,,,,,,,,,,,,,,,,,,,,,,,,,,,,,,,,,,,,,,,,,,,0.63,0.11,0.53,0.36,0.25,0.59,0.3,0.57,0.73,0.26,0.32,0.45,0.66,0.81,0.51,0.78,0.37,0.45,0.5,0.5,1.62,0.72,1.64,1.13,0.7,0.74,0.6,0.5,0.65,0.55,0.53,0.57,0.7,5.26,5.31,5.5,5.35,5.35,5.57,8.07,8.25,5.79,6.6,5.56,8.16,5.21,5.52,6.22,5.42,6.05,5.74,6.67,7.05,7.66,11.52,5.84,8.81,5.52,7.07,6.08,5.99,5.72,6.05,6.11,7.31,6.3,6.52,7.12,7.54,7.59,5.62,6.28,5.03,7.46,6.52,5.62,5.72,8.63,8,6.81,8.2,7.21,6.12,6.37,6.31,6.82,7.13,6.69,7.81,8.25,9.46,8.41,12.11,6.19,5.63,56.16,11.27,6.06,8.09,25.19,22.95,5.08,43.04,557.04,,41.81,23.64,82.46,101.6,46.87,41.83,76.08,37.96,23.51,9.05,6.18,6.63,5.29,8.32,6.63,5.27,3.56,3.13,1.95,1.23,1.57,1.38,1.5,1.67,1.38,1.26,1.28,1.22,2.84,2.5,2.5,2.5,2.5,2.5,2.5,2.5,2.75,2.75,2.75,3.25,3.75,4.25,4.25,4.25,4.25,4.5,4.5,5,5,5,5,5,5.5,5.75,5.75,5.75,5.75,6,6.25,6.25,6.5,6.75,10.4,10.31,10.33,10.25,10.31,10.5,10.37,10.7,10.65,10.75,11,11.3,11.07,11.52,11.8,11.84,12.2,12.2,12.26,12.48,12.5,12.05,12.5,13.4,14,14.35,14.55,16.25,14.59,15.89,9.75,9.5,9.5,9.5,9.5,9.5,9.5,9.5,9.5,9.5,9.5,9.5,9.5,9.5,9.5,9.5,9.5,9.5,9.5,9.5,9.5,9.5,9.5,9.5,9.5,9.5,9.5,9.5,9.5,9.5,9.5,9.5,9.5,9.5,9.5,9.5,9.5,9.5,9.5,9.5,9.5,9.5,9.5,9.5,9.5,9.5,9.5,9.5,9.5,9.5,9.5,9.5,25.5201,28.7098,28.6298,27.7999,26.7301,26.8002,26.7801,26.8599,26.8599,26.8599,26.8599,26.8599,26.56,26.3301,26.2199,25.9701,26.0401,26.0401,25.9237,25.8188,26.0367,28.9307,29.0366,33.0009,30.7503,31.1461,38.0008,37.9997,35.2503,30.7503,30.2498,28.2505,26.7498,26.7498,24.7503,24.7503,24.75,24.75,24.75,26.25,26.25,26.25,26.25,26.25,26.25,27.75,28.75,28.75,27.25,27.25,27.25,30.25,40,40,40,60,65,68.048,60.753,59.252,53.687,50.127,68.155,73.93,70.73,62.688,60.396,83.264,78.372,68.002,63.002,55,50,40,38,38,38,38,38,38,38,36,38,38,38,38,38,38,38,38,38,38,38,38,38,38,40,42.5,44.5,47,49,52,60,69.5,75,75,75,75,75,75,78,91,97,97,97,118,118,133,133,100,100,100,80,60,40,40,40,40,40,40,35,32,29
AU,,,,,,,,,,,,,,,,,,,,,,,,,,,,,,,,,,,,,,,,,,,,,,,,,,,,,,,,,,,,,,,,,,,,,,,,,,,,,,,,,,,,,,,,,,,,,,,,,,,,,,,,,,,,,,,,,,,,,,,,,,,,,,,,,,,,,,,,,,,,,,,,,,,,,,,,,,,,,,,,,,,,,,,,,,,,,,,,,,,,,,,,,,,,,,,,,,,,,,,,,,,,,,,,,,,,,,,,,,,,,,,,,,,,,,,,,,,,,,,,,,,,,,,,,,,,,,,,,,,,,,,,,,,,,,,,,,,,,,,,,,,,,,,,,,,,,,,,,,,,,,,,,,,,,,,,,,,,,,,,,,,,,,,,,,,,,,,,,,,,,,,,,,,,,,,,,,,,,,,,,,,,,,,,,,,,,,,,5.02,8.33,4.97,8.27,7.72,7.91,7.47,4.59,7.2,8.73,8.34,9,8.13,9.28,12.47,10.34,12.34,10.5,9.87,9.76,7.91,10.61,8.6,8.14,8.05,9.79,10.29,9.68,10.99,10.15,7.8,8.66,8.28,10.5,8.5,8.75,10,11,12,10,12.5,11,8.5,9.5,8,11,10,10,11,13.25,42.5,13.5,13,10.5,11.5,14.5,12.5,12,12.5,11.5,13.75,14.5,27.5,16.25,15.25,16.25,14.75,15,14.75,15.38,16.25,16.75,20.38,18.25,27.5,17,18.75,19,15.5,14.25,10.5,11.25,17.25,13.88,14,13.5,15.5,11.5,10,13.75,12.75,11.25,6,9.75,12.88,14.25,14.25,13.5,14.63,11.88,12.38,12.13,12.75,11.13,11.25,11.88,14.25,13.38,15.88,14.88,19.75,16.63,16.13,16.25,16.38,18.75,19,18.75,17,16.75,15.38,14.75,19,15.25,18.13,17.63,16,16,14.75,16.7,16.43,15.95,14.2,13.38,14.25,12.5,12.05,11.63,12.25,11.75,11.25,10.7,10.73,10.7,10.93,12.75,13.25,12.5,12.93,13.6,13.63,14.68,14.55,14.75,16.3,16.4,16.8,17.68,19.25,18.18,17.63,17.95,18.1,18.35,17.9,17.25,16.75,16.75,15.25,15.25,15.25,15.25,14,14,13,13,12,12,12,12,11.5,10.5,10.5,10.5,10.5,9.5,9.5,8.5,8.5,7.5,7.5,7.5,7.5,6.5,6.5,5.75,5.75,5.75,5.75,5.75,5.75,5.75,5.75,5.25,5.25,5.25,5.25,4.75,4.75,4.75,4.75,4.75,4.75,4.75,4.75,4.75,4.75,4.75,4.75,4.75,5.5,5.5,6.5,6.5,7.5,7.5,7.5,7.5,7.5,7.5,7.5,7.5,7.5,7.5,7.5,7.5,7.5,7.5,7.5,7.5,7.5,7.5,7.5,7,7,7,7,6.5,6,6,6,6,6,5.5,5.5,5,5,5,5,5,5,5,5,5,5,5,5,5,5,5,5,5,4.75,4.75,4.75,4.75,4.75,4.75,4.75,4.75,4.75,4.75,4.75,5,5,5,5.5,5.5,5.75,6,6,6,6.25,6.25,6.25,6.25,6.25,6.25,5.75,5.5,5,5,5,5,5,4.75,4.5,4.5,4.25,4.25,4.25,4.25,4.25,4.5,4.75,4.75,4.75,4.75,4.75,4.75,4.75,4.75,4.75,4.75,4.75,4.75,4.75,4.75,4.75,4.75,4.75,5,5.25,5.25,5.25,5.25,5.25,5.25,5.25,5.25,5.25,5.25,5.25,5.25,5.25,5.25,5.25,5.5,5.5,5.5,5.5,5.5,5.5,5.5,5.5,5.5,5.5,5.5,5.5,5.5,5.5,5.75,5.75,5.75,6,6,6,6.25,6.25,6.25,6.25,6.25,6.25,6.25,6.25,6.25,6.5,6.5,6.5,6.75,6.75,6.75,6.9999,7.2498,7.25,7.25,7.25,7.25,7.25,7,6,5.25,4.25,4.25,3.25,3.25,3,3,3,3,3,3,3.25,3.5,3.75,3.75,3.75,4,4.25,4.5,4.5,4.5,4.5,4.5,4.5,4.75,4.75,4.75,4.75,4.75,4.75,4.75,4.75,4.75,4.75,4.75,4.75,4.5,4.25,4.25,4.25,4.25,4.25,3.75,3.5,3.5,3.5,3.5,3.25,3.25,3,3,3,3,3,2.75,2.75,2.75,2.5,2.5,2.5,2.5,2.5,2.5,2.5,2.5,2.5,2.5,2.5,2.5,2.5,2.5,2.5,2.5,2.5,2.5,2.25,2.25,2.25,2,2,2,2,2,2,2,2,2,2,2,2,1.75,1.75,1.75,1.5,1.5,1.5,1.5,1.5,1.5,1.5,1.5,1.5,1.5,1.5,1.5,1.5,1.5,1.5,1.5,1.5,1.5,1.5,1.5,1.5,1.5,1.5,1.5,1.5,1.5,1.5,1.5,1.5,1.5,1.5,1.5,1.5,1.5,1.25,1,1,1,0.75,0.75,0.75,0.75,0.75,0.25,0.25,0.25,0.25,0.25,0.25,0.25,0.25,0.1,0.1,0.1,0.1,0.1,0.1,0.1,0.1,0.1,0.1,0.1,0.1,0.1,0.1,0.1,0.1,0.1,0.1,0.35,0.85,1.35,1.85,2.35,2.6,2.85,3.1,3.1,3.35,3.6,3.6,3.85,4.1,4.1,4.1,4.1,4.1,4.35,4.35,4.35,4.35,4.35,4.35,4.35,4.35,4.35,4.35,4.35,4.35,4.35,4.35,
BR,,,,,,,,,,,,,,,,,,,,,,,,,,,,,,,,,,,,,,,,,,,,,,,,,,,,,,,,,,,,,,,,,,,,,,,,,,,,,,,,,,,,,,,,,,,,,,,,,,,,,,,,,,,,,,,,,,,,,,,,,,,,,,,,,,,,,,,,,,,,,,,,,,,,,,,,,,,,,,,,,,,,,,,,,,,,,,,,,,,,,,,,,,,,,,,,,,,,,,,,,,,,,,,,,,,,,,,,,,,,,,,,,,,,,,,,,,,,,,,,,,,,,,,,,,,,,,,,,,,,,,,,,,,,,,,,,,,,,,,,,,,,,,,,,,,,,,,,,,,,,,,,,,,,,,,,,,,,,,,,,,,,,,,,,,,,,,,,,,,,,,,,,,,,,,,,,,,,,,,,,,,,,,,,,,,,,,,,,,,,,,,,,,,,,,,,,,,,,,,,,,,,,,,,,,,,,,,,,,,,,,,,,,,,,,,,,,,,,,,,,,,,,,,,,,,,,,,,,,,,,,,,,,,,,,,,,,,,,,,,,,,,,,,,,,,,,,,,,,18.26,25.08,39.87,39.78,25.46,42.42,115.56,321.14,298.36,322.76,926.77,1330.62,242.73,135.13,201.23,125.27,244.33,470.92,342.09,891.09,949.21,512.86,862.55,598.47,788.61,2583.33,997.95,2400.56,2559.48,1623.11,2741.2,778.15,1039.18,583.51,219.97,440.15,3738.11,2700.46,3870.12,9492.87,13871.81,18660.88,103484.21,97138.29,355085.64,351.15,64.75,97.78,460.96,274.79,394.13,951.43,434.46,1512.1,1618.59,1329.1,179.24,243.59,193.85,217.09,254.38,323.06,712.92,766.04,3220.51,3223.26,1795.51,2016.77,2201.81,1724.48,1350.64,1208.56,1204.21,1323.17,1573.51,1859.52,1987.11,1303.21,1657.56,3346.62,2184.68,2411.27,2784.2,2871.56,2421.71,2699.41,3601.04,5709.52,5904.79,5880.04,5571.91,8862.72,11521.55,14440.99,10788.79,9125.33,15405.6,70.8,55.5,57.33,64.76,65.45,49.86,46.14,56.28,65.73,85.43,60.94,60.8,60.4,50.87,50.37,42.99,41.91,40.25,33.93,34.38,29.84,25.97,28.75,24.4,22.9,24.06,25.05,22.95,24.9,23,21.3,25.92,23.76,20.7,21.84,20.7,18.74,20.7,19.67,38.98,46.02,38.74,34.5,34.5,28,23.25,21.75,21,19.75,19.75,19,19,19,29,25,25,42,32,23.5,21,19.5,19.5,19,19,19,19,19,19,18.5,18.5,18.5,17.5,16.5,16.5,16.5,16.5,16.5,15.75,15.25,15.25,15.75,16.25,16.75,18.25,19,19,19,19,19,19,19,18.75,18.5,18.5,18.5,18.5,18,18,18,21,22,25,25.5,26.5,26.5,26.5,26.5,26,24.5,22,20,19,17.5,16.5,16.5,16.5,16.25,16,16,16,16,16,16.25,16.75,17.25,17.75,18.25,18.75,19.25,19.5,19.75,19.75,19.75,19.75,19.5,19,18.5,18,17.25,17.25,16.5,15.75,15.75,15.25,14.75,14.25,14.25,13.75,13.25,13.25,13,13,12.75,12.5,12.5,12,11.5,11.5,11.25,11.25,11.25,11.25,11.25,11.25,11.25,11.75,11.75,12.25,13,13,13.75,13.75,13.75,13.75,12.75,12.75,11.25,10.25,10.25,9.25,8.75,8.75,8.75,8.75,8.75,8.75,8.75,8.75,8.75,9.5,9.5,10.25,10.75,10.75,10.75,10.75,10.75,10.75,11.25,11.25,11.75,12,12,12.25,12.5,12.5,12,11.5,11.5,11,10.5,10.5,9.75,9,8.5,8.5,8,7.5,7.5,7.25,7.25,7.25,7.25,7.25,7.25,7.5,8,8,8.5,9,9,9.5,10,10,10.5,10.75,10.75,11,11,11,11,11,11,11.25,11.25,11.75,12.25,12.25,12.75,13.25,13.25,13.75,14.25,14.25,14.25,14.25,14.25,14.25,14.25,14.25,14.25,14.25,14.25,14.25,14.25,14.25,14.25,14,14,13.75,13,12.25,12.25,11.25,11.25,10.25,9.25,9.25,8.25,7.5,7.5,7,7,6.75,6.5,6.5,6.5,6.5,6.5,6.5,6.5,6.5,6.5,6.5,6.5,6.5,6.5,6.5,6.5,6.5,6.5,6,5.5,5,5,4.5,4.5,4.25,3.75,3.75,3,2.25,2.25,2,2,2,2,2,2,2,2.75,2.75,3.5,4.25,4.25,5.25,6.25,7.75,7.75,9.25,9.25,10.75,11.75,11.75,12.75,13.25,13.25,13.75,13.75,13.75,13.75,13.75,13.75,13.75,13.75,13.75,13.75,13.75,13.75,13.25,12.75,12.75,12.25,11.75,11.75,11.25,10.75,10.75,10.5,10.5,10.5,10.5,10.75,10.75,11.25,12.25,13.25
CA,,,,,,,,,,,,,,,,,,,,,,,,,,,,,,,,,,,,,,,,,,,,,,,,,,,,,,,,,,,,,,,,,,,,,,,,,,,,,,,,,,,,,,,,,,,,,,,,,,,,,,,,,,,,,,,,,,,,,,,,,,,,,,,,,,,,,,,,,,,,,,,,,,,,,,,,,,,,,,,,,,,,,,,,,,,,,,,,,,,,,,,,,,,3.17,2.5,1.95,3.28,4.02,3.5,3.29,3.36,3.46,3.53,3.42,2.82,2.8,2.51,2.84,2.75,2.75,3.24,3.35,3.42,3.37,3.32,3.77,6,6,6,5.5,5,4,4,4,4,4,4,3.5,3.5,3.5,4,4,4,4,4,4,4,4,4,4,4,4,4,4,4,4.25,4.25,4.25,4.25,4.25,4.25,4.25,4.25,4.25,4.25,4.25,4.25,4.25,4.75,4.75,4.75,5.25,5.25,5.25,5.25,5.25,5.25,5.25,5.25,5.25,5.25,5,5,5,4.5,4.5,4.5,4.5,4.5,5,5,6,6,7,7,7.5,7.5,7.5,7.5,6.5,6.5,6,6,6,6.5,6.5,6.5,7,7,7,7.5,8,8,8,8,8,8,8,8,8,8,7.5,7,7,7,6.5,6.5,6,6,6,5.25,5.25,5.25,5.25,5.25,5.25,5.25,5.25,4.75,4.75,4.75,4.75,4.75,4.75,4.75,4.75,4.75,4.75,4.75,4.75,4.75,4.75,4.75,4.75,4.75,4.75,5.25,5.75,6.25,6.25,6.75,7.25,7.25,7.25,7.25,7.25,7.25,7.25,8.25,8.75,8.75,9.25,9.25,9.25,9.25,8.75,8.75,8.25,8.25,8.25,8.25,8.25,8.25,8.25,8.25,9,9,9,9,9,9,9.5,9.5,9.5,9.5,9.5,9.5,9.5,9.5,9,8.5,8.5,8,8,8,7.5,7.5,7.5,7.5,7.5,7.5,7.5,7.5,7.5,7.5,8,8.5,8.5,8.5,9,9,9.5,10.25,10.75,10.75,11.25,11.25,11.25,11.25,11.25,11.25,11.75,11.75,12.25,14,14,14,14,14,15.49,15.67,11.83,10.63,10.31,10.74,11.2,12.16,13.95,17.26,17.11,17.08,16.69,17.6,18.68,19.08,20.54,21.07,19.63,18.21,15.32,14.66,14.59,14.83,15.11,15.23,15.43,16.58,15.5,13.95,12.98,11.46,10.97,10.05,9.83,9.48,9.42,9.37,9.5,9.42,9.49,9.57,9.49,9.49,9.63,9.96,9.98,10.04,10.78,10.84,11.54,12.36,12.98,12.38,12.27,11.71,10.75,10.09,9.75,11.52,10.65,10.02,9.76,9.58,9.31,9.2,9,8.78,9.1,9.49,10.8,11.8,10.44,9.27,8.58,8.84,8.51,8.58,8.6,8.55,8.49,8.49,7.49,7.53,7.05,8.33,8.44,8.54,9.22,9.24,9.57,8.09,8.56,8.66,8.62,8.57,8.78,9.12,9.17,9.44,9.54,10.03,10.58,10.54,10.84,11.19,11.43,11.86,12.39,12.62,12.4,12.33,12.36,12.41,12.48,12.42,12.46,12.47,12.29,13.25,13.51,13.8,13.92,13.83,13.48,12.92,12.65,12.66,12.26,11.72,10.73,9.97,9.92,9.49,9.06,8.9,8.94,8.78,8.59,8.04,7.66,7.67,7.29,7.5,7.49,6.97,6.33,5.85,5.42,5.07,5.69,6.3,8.82,7.36,6.81,6.09,5.36,5.6,5.1,4.79,4.41,4.99,4.9,4.63,4.34,4.11,3.88,4.1,5.64,6.07,6.59,5.69,5.38,5.38,5,4.94,5.44,5.69,7.25,8.12,8.06,7.97,7.59,7.19,6.56,6.25,6.19,6.19,5.94,5.78,5.56,5.19,5,4.75,4.75,4.75,4.5,4,4,3.25,3,3,3,3,3,3,3,3.25,3.25,3.25,3.25,3.5,3.75,4.25,4.75,4.75,4.75,4.75,4.75,4.75,4.75,5.75,5.5,5.25,5,5,5,5,4.75,4.75,4.5,4.5,4.5,4.5,4.5,4.5,4.75,4.75,4.75,5,5.25,5.25,5.75,5.75,5.75,5.75,5.75,5.75,5.75,5.75,5.5,5.5,5,4.75,4.5,4.5,4.25,4,3.5,2.75,2.25,2.25,2,2,2,2.25,2.25,2.5,2.75,2.75,2.75,2.75,2.75,2.75,2.75,2.75,3,3.25,3.25,3.25,3,3,2.75,2.75,2.75,2.75,2.5,2.5,2.25,2,2,2,2,2,2.25,2.5,2.5,2.5,2.5,2.5,2.5,2.5,2.5,2.5,2.5,2.5,2.75,3,3,3.25,3.5,3.5,3.75,4,4.25,4.25,4.25,4.25,4.25,4.25,4.25,4.25,4.25,4.25,4.25,4.25,4.25,4.25,4.5,4.5,4.5,4.5,4.5,4.25,4,4,3.5,3,3,3,3,3,3,2.25,2.25,1.5,1,1,0.5,0.25,0.25,0.25,0.25,0.25,0.25,0.25,0.25,0.25,0.25,0.25,0.25,0.25,0.25,0.5,0.75,0.75,1,1,1,1,1,1,1,1,1,1,1,1,1,1,1,1,1,1,1,1,1,1,1,1,1,1,1,1,1,1,1,1,1,1,1,1,1,1,1,1,1,1,1,1,1,1,1,1,1,1,1,1,0.75,0.75,0.75,0.75,0.75,0.75,0.5,0.5,0.5,0.5,0.5,0.5,0.5,0.5,0.5,0.5,0.5,0.5,0.5,0.5,0.5,0.5,0.5,0.5,0.5,0.5,0.5,0.5,0.5,0.5,0.75,0.75,1,1,1,1,1.25,1.25,1.25,1.25,1.25,1.25,1.5,1.5,1.5,1.75,1.75,1.75,1.75,1.75,1.75,1.75,1.75,1.75,1.75,1.75,1.75,1.75,1.75,1.75,1.75,1.75,0.25,0.25,0.25,0.25,0.25,0.25,0.25,0.25,0.25,0.25,0.25,0.25,0.25,0.25,0.25,0.25,0.25,0.25,0.25,0.25,0.25,0.25,0.25,0.25,0.5,1,1,1.5,2.5,2.5,3.25,3.75,3.75,4.25,4.5,4.5,4.5,4.5,4.5,4.75,5,5,5,5,5,5,5,5,5,5,5,4.75,4.5,4.5,4.25,3.75,3.75,3.25,3
CN,,,,,,,,,,,,,,,,,,,,,,,,,,,,,,,,,,,,,,,,,,,,,,,,,,,,,,,,,,,,,,,,,,,,,,,,,,,,,,,,,,,,,,,,,,,,,,,,,,,,,,,,,,,,,,,,,,,,,,,,,,,,,,,,,,,,,,,,,,,,,,,,,,,,,,,,,,,,,,,,,,,,,,,,,,,,,,,,,,,,,,,,,,,,,,,,,,,,,,,,,,,,,,,,,,,,,,,,,,,,,,,,,,,,,,,,,,,,,,,,,,,,,,,,,,,,,,,,,,,,,,,,,,,,,,,,,,,,,,,,,,,,,,,,,,,,,,,,,,,,,,,,,,,,,,,,,,,,,,,,,,,,,,,,,,,,,,,,,,,,,,,,,,,,,,,,,,,,,,,,,,,,,,,,,,,,,,,,,,,,,,,,,,,,,,,,,,,,,,,,,,,,,,,,,,,,,,,,,,,,,,,,,,,,,,,,,,,,,,,,,,,,,,,,,,,,,,,,,,,,,,,,,,,,,,,,,,,,,,,,,,,,,,,,,,,,,,,,,,,,,,,,,,,,,,,,,,,,,,,,,,,,,,,,,,,,,,,,,,,,,,,,,,,,,,,,,,,,,,,,,,,,,,,,,,,,,,,,,,,,,,,,,,,,,,,,,,,,,,,,,,,,,,,,,,,,,12.06,12.06,12.06,12.06,10.98,10.98,10.98,10.08,10.08,10.08,10.08,10.08,10.08,10.08,10.08,10.08,10.08,10.08,10.08,10.08,10.08,8.64,8.64,8.64,8.64,8.64,7.92,7.92,7.92,7.92,6.93,6.93,6.93,6.93,6.93,6.39,6.39,6.39,6.39,6.39,6.39,5.85,5.85,5.85,5.85,5.85,5.85,5.85,5.85,5.85,5.85,5.85,5.85,5.85,5.85,5.85,5.85,5.85,5.85,5.85,5.85,5.85,5.85,5.85,5.85,5.85,5.85,5.85,5.85,5.85,5.85,5.85,5.85,5.31,5.31,5.31,5.31,5.31,5.31,5.31,5.31,5.31,5.31,5.31,5.31,5.31,5.31,5.31,5.31,5.31,5.31,5.31,5.31,5.31,5.31,5.31,5.31,5.31,5.31,5.31,5.31,5.31,5.31,5.31,5.31,5.58,5.58,5.58,5.58,5.58,5.58,5.58,5.58,5.58,5.58,5.58,5.58,5.58,5.58,5.58,5.58,5.58,5.58,5.85,5.85,5.85,5.85,6.12,6.12,6.12,6.12,6.12,6.12,6.12,6.39,6.39,6.57,6.57,6.84,7.02,7.29,7.29,7.29,7.47,7.47,7.47,7.47,7.47,7.47,7.47,7.47,7.47,7.2,6.66,5.58,5.31,5.31,5.31,5.31,5.31,5.31,5.31,5.31,5.31,5.31,5.31,5.31,5.31,5.31,5.31,5.31,5.31,5.31,5.31,5.31,5.31,5.31,5.56,5.56,5.81,5.81,6.06,6.06,6.31,6.31,6.31,6.56,6.56,6.56,6.56,6.56,6.56,6.56,6.56,6.56,6.56,6.56,6.31,6,6,6,6,6,6,6,6,6,6,6,6,6,6,6,6,6,6,6,6,6,6,6,6,6,6,6,6,5.6,5.6,5.6,5.6,5.35,5.35,5.1,4.85,4.85,4.6,4.6,4.35,4.35,4.35,4.35,4.35,4.35,4.35,4.35,4.35,4.35,4.35,4.35,4.35,4.35,4.35,4.35,4.35,4.35,4.35,4.35,4.35,4.35,4.35,4.35,4.35,4.35,4.35,4.35,4.35,4.35,4.35,4.35,4.35,4.35,4.35,4.35,4.35,4.35,4.35,4.35,4.35,4.35,4.35,4.35,4.35,4.35,4.25,4.2,4.2,4.15,4.15,4.15,4.05,4.05,3.85,3.85,3.85,3.85,3.85,3.85,3.85,3.85,3.85,3.85,3.85,3.85,3.85,3.85,3.85,3.85,3.85,3.85,3.85,3.85,3.8,3.7,3.7,3.7,3.7,3.7,3.7,3.7,3.65,3.65,3.65,3.65,3.65,3.65,3.65,3.65,3.65,3.65,3.55,3.55,3.45,3.45,3.45,3.45,3.45,3.45,3.45,3.45,3.45,3.45,3.45,3.35,3.35,3.35,3.1,3.1,3.1,3.1
DE,,,,,,,,,,,,,,,,,,,,,,,,,,,,,,,,,,,,,,,,,,,5,5,5,5,5,5,5,5,5,5,4.5,4.5,4,4,4,4,4,4,4,4,4,4,4,4,4,4,4,6,6,6,6,6,6,6,6,6,6,6,6,6,6,6,6,6,6,6,5,5,5,4.5,4.5,4.5,4.5,4.5,4,4,4,4,4,3.5,3.5,3.5,3.5,3.5,3.5,3.5,3.5,3.5,3.5,3.5,3,3,3,3,3,3,3,3,3,3,3,3,3,3,3,3.5,3.5,3.5,3.5,3.5,3.5,3.5,4.5,4.5,5.5,5.5,5.5,5.5,5,5,5,5,4.5,4.5,4.5,4.5,4.5,4.5,4.5,4.5,4,4,4,4,3.5,3.5,3.5,3.5,3.5,3,3,3,3,3,3,3,2.75,2.75,2.75,2.75,2.75,2.75,2.75,2.75,3,4,4,4,4,4,4,4,4,5,5,5,5,5,4,4,3.5,3.5,3.5,3.5,3,3,3,3,3,3,3,3,3,3,3,3,3,3,3,3,3,3,3,3,3,3,3,3,3,3,3,3,3,3,3,3,3,3,3,3,3,3,3,3,3,3,3,3,3.5,3.5,3.5,3.5,3.5,3.5,3.5,4,4,4,4,4,4,4,4,4,5,5,5,5,5,5,5,5,4.5,4,4,3.5,3,3,3,3,3,3,3,3,3,3,3,3,3,3,3,3,3,3,3,3,3,3,3,4,4,5,5,5,6,6,6,6,6,6,7.5,7.5,7.5,7.5,7,7,7,7,6.5,6,6,6,6,5,5,5,5,5,5,4.5,4.5,4,4,3,3,3,3,3,3,3,3,3.5,4,4.5,5,5,5,5,6,7,7,7,7,7,7,7,7,7,7,7,7,7,7,7,7,6.5,6.5,6,6,5.5,5,5,4.5,4.5,4.5,4,3.5,3.5,3.5,3.5,3.5,3.5,3.5,3.5,3.5,3.5,3.5,3.5,3.5,3.5,3.5,3.5,3.5,3.5,3.5,3.5,3.5,3.5,3.5,3.5,3.5,3.5,3.5,3,3,3,3,3,3,3,3,3,3,3,3,3,4,4,5,5,5,5.5,6,6,6,6,7,7,7,8.5,8.5,8.5,9.5,9.5,9.5,9.5,9,9,9,9,9,9,9,9,9,9,9,9,9,9,9,9,9,9,9,9,9,9,9,8,8,7,7,6,6,6,5,5,5,5,5,5,5.5,5.5,5.5,5.5,5.5,5.5,5.5,5.5,5.5,5.5,5.5,5.5,5.5,5.5,5.5,5.5,5.4,5.7,5.9,5.6,5.55,5.3,4.95,4.6,4.55,4.55,4.55,4.6,4.5,4.5,4.3,4.35,4.35,4.35,4.35,4.35,4.35,4.35,4.4,4.65,4.6,3.8,3.8,3.8,3.55,3.55,3.6,3.6,3.65,3.8,3.25,3.25,3.25,3.25,3.25,3.25,3.25,3.5,4,4.25,4.25,4.35,4.35,5,5.3,6,5.8,6.1,6.5,6.5,6.6,6.7,7,7.3,7.3,7.3,7.7,7.85,7.85,7.8,7.8,7.8,7.9,7.95,8,8,8,8.55,8.6,8.5,8.5,8.6,8.6,8.75,8.8,9,9,9,9.05,9.55,9.4,9.45,9.55,9.6,9.65,9.65,9.7,9.7,9.2,8.75,8.75,8.75,8.59,8.5,8.25,7.75,7.6,7.6,6.95,6.8,6.7,6.4,6.25,6,6,6,5.76,5.47,5.21,4.97,4.85,4.85,4.85,4.85,4.85,4.85,4.85,4.85,4.85,4.51,4.52,4.51,4.51,4.3,4.08,4.04,3.98,3.75,3.55,3.3,3.3,3.3,3.3,3.3,3.3,3,3,3,3,3,3,3,3,3,3,3,3,3,3,3.3,3.3,3.3,3.3,3.3,3.3,3.3,3.3,3.3,3.3,3.3,3.3,3.3,3.3,3,,,,,,,,,,,,,,,,,,,,,,,,,,,,,,,,,,,,,,,,,,,,,,,,,,,,,,,,,,,,,,,,,,,,,,,,,,,,,,,,,,,,,,,,,,,,,,,,,,,,,,,,,,,,,,,,,,,,,,,,,,,,,,,,,,,,,,,,,,,,,,,,,,,,,,,,,,,,,,,,,,,,,,,,,,,,,,,,,,,,,,,,,,,,,,,,,,,,,,,,,,,,,,,,,,,,,,,,,,,,,,,,,,,,,,,,,,,,,,,,,,,,,,,,,,,,,,,,,,,,,,,,,,,,,,,,,,,,,,,,,,,,,,,,,,,,,,,,,,,,,,,,,,,,,,,,,
FR,1.625,1.625,1.625,1.625,1.625,1.625,1.625,1.625,1.625,1.625,1.625,1.625,1.625,1.625,1.625,1.625,1.625,1.625,1.625,1.625,1.625,1.625,1.625,1.625,2.25,2.25,2.25,2.25,2.25,2.25,2.25,2.25,2.25,3,3,3,3,3,3,3,3,3,3,3,3,3,3,3,3,3,3,3,3,3,3,3,3,3,3,3,3,3,3,3,3,2.5,2.5,2.5,2.5,2.5,2.5,2.5,2.5,2.5,2.5,2.5,2.5,2.5,2.5,2.5,2.5,3,4,4,4,4,4,4,4,4,4,4,4,4,4,4,4,4,4,4,4,4,4,4,4,4,4,4,4,3.25,3.25,3.25,3.25,3.25,3.25,3.25,3.5,3.5,3.5,3,3,3,3,3,3,3,3,3,3,3,3,3,3,3,3,3,3,3,3,3,3,3,3,3,3,3,3,4,4,4,4,5,5,5,5,5,5,5,5,5,5,5,5,5,5,4.5,4.5,4.5,4.5,4.25,4.25,4,4,4,4,4,4,4,4,4,4,4,4,4,4,4,4,4,4,3.5,3.5,3.5,3.5,3.5,3.5,3.5,3.5,3.5,3.5,3.5,3.5,3.5,3.5,3.5,3.5,3.5,3.5,3.5,3.5,3.5,3.5,3.5,3.5,3.5,3.5,3.5,3.5,3.5,3.5,3.5,3.5,3.5,3.5,3.5,3.5,3.5,4,4,4,4,4,4,4,4,4,4,4,4,4,4,4,4,4,3.5,3.5,3.5,3.5,3.5,3.5,3.5,3.5,3.5,3.5,3.5,3.5,3.5,3.5,3.5,3.5,3.5,3.5,3.5,3.5,3.5,3.5,3.5,3.5,3.5,3.5,3.5,3.5,3.5,3.5,3.5,3.5,3.5,3.5,3.5,3.5,3.5,3.5,3.5,5,5,5,5,6,6,6,6,6,6,6,7,7,7,7,8,8,8,8,8,8,8,8,8,8,7.5,7.5,7,7,7,6.5,6.5,6.5,6.5,6.75,6.75,6.75,6.75,6.75,6.5,6.5,6.5,6,6,6,5.75,5.75,5.75,5.75,5.75,5.75,5.75,7.5,7.5,7.5,7.5,7.5,7.5,7.5,7.5,8.625,8.875,9.8125,10.875,10.8125,10.6875,11.5,10.75,10.5,10.625,10.625,11.875,11.75,11.75,11.75,11.5,11,10.75,10,9.625,9.5,7.875,7.25,7,7,7,7,6.75,6.5,6.25,6.5,7.625,7.375,7.375,7.5,7.5,8.375,9.25,9.25,9.25,10.25,10.25,9.875,9.75,9.5,9.125,9,8.875,8.5,8.25,8.125,8.125,8.5,8.875,8.75,8.75,8.75,8.375,8.125,7.75,7.375,7.375,7.25,7,6.875,6.375,6.375,6.375,6.75,6.75,7.125,8.375,10.25,10.25,11.25,11.5,12,12.125,12,12.375,12.875,12.75,12.75,12.25,12,11.25,11.25,11.25,11.25,11.25,10.75,10.75,10.75,10.75,10.75,10.75,17.5,17.125,17.75,15.5,15.25,14.75,14.75,14.125,17,16,16,15.25,14.75,14,13.75,13.25,13,12.75,12.5,12.5,12.5,12.5,12.5,12.25,12.25,12.25,12.25,12.25,12,12,12,12,12,12,11.75,11.5,11.25,11.25,11,11,10.75,10.75,10.5,10.5,10.5,10.25,10.125,10.125,9.625,9.625,9.375,9.125,8.75,8.75,8.75,8.5,8.25,7.5,7.25,7,7,7,7,7,7,7.25,8,8,7.75,7.75,7.75,7.5,7.5,7.5,7.5,7.5,8,7.75,7.25,7.25,7.25,7.25,7,7,6.75,7,7,7.25,7.25,7.75,8.25,8.25,8.25,8.25,8.25,8.25,8.75,8.75,8.75,9.5,9.5,10,10,10,10,9.5,9.5,9.5,9.5,9.5,9.5,9.5,9.25,9.25,9.25,9.25,9,9,9,9,9,9,9,8.75,9.25,9.6,9.6,9.6,9.6,9.6,9.6,9.6,9.6,9.6,9.6,9.6,9.1,9.1,9.1,9.1,9.1,8.25,7.5,7,6.75,6.75,6.75,6.45,6.45,6.2,6.2,6.1,6,5.7,5.4,5.2,5,5,5,5,5,5,5,5,5,5,5,5,5,5,5,5,4.8,4.45,4.2,3.9,3.8,3.7,3.7,3.6,3.55,3.35,3.25,3.25,3.2,3.15,3.1,3.1,3.1,3.1,3.1,3.1,3.1,3.1,3.1,3.3,3.3,3.3,3.3,3.3,3.3,3.3,3.3,3.3,3.3,3.3,3.3,3.3,3.3,3,,,,,,,,,,,,,,,,,,,,,,,,,,,,,,,,,,,,,,,,,,,,,,,,,,,,,,,,,,,,,,,,,,,,,,,,,,,,,,,,,,,,,,,,,,,,,,,,,,,,,,,,,,,,,,,,,,,,,,,,,,,,,,,,,,,,,,,,,,,,,,,,,,,,,,,,,,,,,,,,,,,,,,,,,,,,,,,,,,,,,,,,,,,,,,,,,,,,,,,,,,,,,,,,,,,,,,,,,,,,,,,,,,,,,,,,,,,,,,,,,,,,,,,,,,,,,,,,,,,,,,,,,,,,,,,,,,,,,,,,,,,,,,,,,,,,,,,,,,,,,,,,,,,,,,,,,
GB,,,,,,,,,,,,,2,2,2,2,2,2,2,2,2,2,2,2,2,2,2,2,2,2,2,2,2,2,2,2,2,2,2,2,2,2,2,2,2,2,2,2,2,2,2,2,2,2,2,2,2,2,2,2,2,2,2,2,2,2,2,2,2,2,2,2,2,2,2,2,2,2,2,2,2,2,2.5,2.5,2.5,2.5,4,4,4,4,4,4,4,4,4,4,4,4,4,4,4,4,4,4,3.5,3.5,3.5,3.5,3.5,3.5,3.5,3.5,3,3,3,3,3,3,3,3,3.5,4.5,4.5,4.5,4.5,4.5,4.5,4.5,4.5,4.5,4.5,4.5,4.5,5.5,5.5,5.5,5.5,5.5,5.5,5.5,5.5,5.5,5.5,5.5,5.5,5,5,5,5,5,5,5,7,7,7,7,7,7,6,6,5.5,5,5,4.5,4.5,4.5,4,4,4,4,4,4,4,4,4,4,4,4,4,4,5,5,5,5,5,6,6,6,6,5.5,5.5,5,5,5,5,5,5,5,7,7,7,6.5,6,6,6,6,5,4.5,4.5,4.5,4.5,4.5,4.5,4.5,4.5,4.5,4,4,4,4,4,4,4,4,4,4,4,4,4,5,5,5,5,5,5,5,5,5,7,7,7,7,7,7,7,6,6,6,6,6,6,6,6,6,6,6,6,6,7,7,7,7,7,7,6.5,6.5,6,6,5.5,5.5,5.5,5.5,5.5,6,8,8,8,8,7.5,7.5,7.5,7.5,7.5,7.5,7,7,7,7,7,8,8,8,8,8,8,8,8,8,8,8,8,8,7.5,7,7,7,7,7,7,7,7,7,7,7,7,6,6,6,6,6,5,5,5,5,5,5,5,5,5,6,6,6,6,7.5,7.5,9,8.75,8.75,8.5,8.25,7.75,7.5,11.5,11.5,11.5,11.25,13,13,12.75,12.5,12.5,12,11.75,11.75,11.75,11.75,11.5,11.5,11.5,11.5,11,10.5,10,9.75,10,10,11,11,11,12,11.75,11.25,10.5,9.5,9,10.5,11.5,11.5,11.5,11.5,13,15,14.75,14.25,12.25,12,9.5,8.75,8,8,8,7,6,5,7,7,6.5,6.5,6.5,7.5,9,10,10,10,10,10,12.5,12.5,12.5,14,13,12,12,14,14,14,14,14,17,17,17,17,17,17,17,17,16,16,16,16,14,14,14,14,12,12,12,12,12,12.6875,14,15.125,14.5625,14.375,13.875,13.625,13.25,13.125,13.125,12.625,11.625,10.625,10.125,9.625,10,10,11,11,10.5625,10.0625,10.0625,9.5625,9.5625,9.5625,9.5625,9.0625,9.0625,9.0625,9.0625,9.0625,8.5625,8.5625,9.0625,8.875,12,10.5,10.5,10.5,9.5,9.5,13.875,13.875,12.875,12.375,12.375,12.375,11.375,11.375,11.375,11.375,11.375,11.375,12.375,12.375,11.375,10.375,9.875,9.875,9.875,9.875,9.875,10.875,10.875,10.875,10.875,10.875,9.875,9.375,8.875,8.875,8.875,9.875,9.875,9.375,8.875,8.375,8.375,8.875,8.375,7.875,7.375,8.875,10.375,11.875,11.875,11.875,12.875,12.875,12.875,12.875,12.875,12.875,13.75,13.75,13.75,13.8438,13.75,14.875,14.875,14.875,14.875,14.875,14.875,14.875,14.875,14.875,14.875,14.875,14.875,13.875,13.875,13.875,13.875,12.875,12.375,11.875,11.375,11.375,10.875,10.875,10.375,10.375,10.375,10.375,10.375,10.375,10.375,10.375,9.875,9.875,9.875,9.875,8.875,7.875,6.875,6.875,5.875,5.875,5.875,5.875,5.875,5.875,5.875,5.875,5.875,5.875,5.375,5.375,5.375,5.125,5.125,5.125,5.125,5.125,5.125,5.125,5.625,5.625,5.625,6.125,6.125,6.625,6.625,6.625,6.625,6.625,6.625,6.625,6.625,6.625,6.625,6.375,6.125,6.125,5.9375,5.9375,5.9375,5.6875,5.6875,5.6875,5.6875,5.9375,5.9375,5.9375,5.9375,5.9375,5.9375,5.9375,6.25,6.5,6.75,7,7,7,7.25,7.25,7.25,7.25,7.25,7.25,7.25,7.5,7.5,7.5,7.5,7.25,6.75,6.25,6,5.5,5.5,5.25,5.25,5,5,5,5.25,5.25,5.5,5.5,5.75,6,6,6,6,6,6,6,6,6,6,6,6,5.75,5.75,5.5,5.25,5.25,5.25,5,4.75,4.5,4,4,4,4,4,4,4,4,4,4,4,4,4,4,4,3.75,3.75,3.75,3.75,3.75,3.5,3.5,3.5,3.5,3.75,3.75,3.75,4,4,4,4.25,4.5,4.5,4.75,4.75,4.75,4.75,4.75,4.75,4.75,4.75,4.75,4.75,4.75,4.75,4.5,4.5,4.5,4.5,4.5,4.5,4.5,4.5,4.5,4.5,4.5,4.5,4.75,4.75,4.75,5,5,5.25,5.25,5.25,5.25,5.5,5.5,5.75,5.75,5.75,5.75,5.75,5.5,5.5,5.25,5.25,5,5,5,5,5,5,4.5,3,2,1.5,1,0.5,0.5,0.5,0.5,0.5,0.5,0.5,0.5,0.5,0.5,0.5,0.5,0.5,0.5,0.5,0.5,0.5,0.5,0.5,0.5,0.5,0.5,0.5,0.5,0.5,0.5,0.5,0.5,0.5,0.5,0.5,0.5,0.5,0.5,0.5,0.5,0.5,0.5,0.5,0.5,0.5,0.5,0.5,0.5,0.5,0.5,0.5,0.5,0.5,0.5,0.5,0.5,0.5,0.5,0.5,0.5,0.5,0.5,0.5,0.5,0.5,0.5,0.5,0.5,0.5,0.5,0.5,0.5,0.5,0.5,0.5,0.5,0.5,0.5,0.5,0.5,0.5,0.5,0.5,0.5,0.5,0.5,0.5,0.5,0.5,0.5,0.5,0.5,0.5,0.25,0.25,0.25,0.25,0.25,0.25,0.25,0.25,0.25,0.25,0.25,0.25,0.25,0.25,0.25,0.5,0.5,0.5,0.5,0.5,0.5,0.5,0.5,0.5,0.75,0.75,0.75,0.75,0.75,0.75,0.75,0.75,0.75,0.75,0.75,0.75,0.75,0.75,0.75,0.75,0.75,0.75,0.75,0.1,0.1,0.1,0.1,0.1,0.1,0.1,0.1,0.1,0.1,0.1,0.1,0.1,0.1,0.1,0.1,0.1,0.1,0.1,0.1,0.1,0.25,0.25,0.5,0.75,0.75,1,1.25,1.25,1.75,2.25,2.25,3,3.5,3.5,4,4.25,4.25,4.5,5,5,5.25,5.25,5.25,5.25,5.25,5.25,5.25,5.25,5.25,5.25,5.25,5.25,5,5,5,4.75,4.75,4.75
ID,,,,,,,,,,,,,,,,,,,,,,,,,,,,,,,,,,,,,,,,,,,,,,,,,,,,,,,,,,,,,,,,,,,,,,,,,,,,,,,,,,,,,,,,,,,,,,,,,,,,,,,,,,,,,,,,,,,,,,,,,,,,,,,,,,,,,,,,,,,,,,,,,,,,,,,,,,,,,,,,,,,,,,,,,,,,,,,,,,,,,,,,,,,,,,,,,,,,,,,,,,,,,,,,,,,,,,,,,,,,,,,,,,,,,,,,,,,,,,,,,,,,,,,,,,,,,,,,,,,,,,,,,,,,,,,,,,,,,,,,,,,,,,,,,,,,,,,,,,,,,,,,,,,,,,,,,,,,,,,,,,,,,,,,,,,,,,,,,,,,,,,,,,,,,,,,,,,,,,,,,,,,,,,,,,,,,,,,,,,,,,,,,,,,,,,,,,,,,,,,,,,,,,,,,,,,,,,,,,,,,,,,,,,,,,,,,,,,,,,,,,,,,,,,,,,,,,,,,,,,,,,,,,,,,,,,,,,,,,,,,,,,,,,,,,,,,,,,,,,,,,,,,,,,,,,,,,,,,,,,,,,,,,,,,,,,,,,,,,,,,,,,,,,,,,,,,,,,,,,,,,,,,,,,,,,,,,,,,,,,,,,,,,,,,,,,,,,,,,,,,,,,,,,,,,,,,,,,,,,,,,,,,,,,,,,,,,,,,,,,,,,,,,,,,,,,,,,,,,,,,,,,,,,,,,,,,,,,,,,,,,,,,,,,,,,,,,,,,,,,,,,,,,,,,,,,,,,,,,,,,,,,,,,8.5,8.75,10,11,12.25,12.75,12.75,12.75,12.75,12.75,12.5,12.5,12.25,11.75,11.25,10.75,10.25,9.75,9.5,9.25,9,9,8.75,8.5,8.25,8.25,8.25,8.25,8.25,8,8,8,8,8,8.25,8.5,8.75,9,9.25,9.5,9.5,9.25,8.75,8.25,7.75,7.5,7.25,7,6.75,6.5,6.5,6.5,6.5,6.5,6.5,6.5,6.5,6.5,6.5,6.5,6.5,6.5,6.5,6.5,6.5,6.5,6.5,6.75,6.75,6.75,6.75,6.75,6.75,6.75,6.75,6.5,6,6,6,5.75,5.75,5.75,5.75,5.75,5.75,5.75,5.75,5.75,5.75,5.75,5.75,5.75,5.75,5.75,5.75,6,6.5,7,7.25,7.25,7.5,7.5,7.5,7.5,7.5,7.5,7.5,7.5,7.5,7.5,7.5,7.5,7.5,7.75,7.75,7.5,7.5,7.5,7.5,7.5,7.5,7.5,7.5,7.5,7.5,7.5,7.25,7,6.75,6.75,6.75,6.5,6.5,5.25,5,4.75,4.75,4.75,4.75,4.75,4.75,4.75,4.75,4.75,4.75,4.5,4.25,4.25,4.25,4.25,4.25,4.25,4.25,4.25,4.75,5.25,5.25,5.5,5.75,5.75,6,6,6,6,6,6,6,6,5.75,5.5,5.25,5,5,5,5,4.75,4.5,4.5,4.5,4.25,4,4,4,4,3.75,3.75,3.75,3.5,3.5,3.5,3.5,3.5,3.5,3.5,3.5,3.5,3.5,3.5,3.5,3.5,3.5,3.5,3.5,3.5,3.5,3.75,4.25,4.75,5.25,5.5,5.75,5.75,5.75,5.75,5.75,5.75,5.75,5.75,5.75,6,6,6,6,6,6,6.25,6.25,6.25,6.25,6.25,6,6,6,6,5.75
IN,,,,,,,,,,,,,3,3,3,3,3,3,3,3,3,3,3,3,3,3,3,3,3,3,3,3,3,3,3,3,3,3,3,3,3,3,3,3,3,3,3,3,3,3,3,3,3,3,3,3,3,3,3,3,3,3,3,3,3,3,3,3,3,3,3,3,3,3,3,3,3,3,3,3,3,3,3.5,3.5,3.5,3.5,3.5,3.5,3.5,3.5,3.5,3.5,3.5,3.5,3.5,3.5,3.5,3.5,3.5,3.5,3.5,3.5,3.5,3.5,3.5,3.5,3.5,3.5,3.5,3.5,3.5,3.5,3.5,3.5,3.5,3.5,3.5,3.5,3.5,3.5,3.5,3.5,3.5,3.5,3.5,3.5,3.5,3.5,3.5,3.5,3.5,3.5,3.5,3.5,3.5,3.5,3.5,3.5,3.5,3.5,3.5,3.5,3.5,3.5,3.5,3.5,3.5,3.5,4,4,4,4,4,4,4,4,4,4,4,4,4,4,4,4,4,4,4,4,4,4,4,4,4,4,4,4,4,4,4,4,4,4,4,4,4,4,4,4,4,4,4,4,4,4,4,4,4,4,4,4,4,4,4,4,4,4,4,4,4,4,4,4,4,4,4,4,4.5,4.5,4.5,4.5,4.5,4.5,4.5,4.5,4.5,4.5,4.5,4.5,4.5,4.5,4.5,4.5,4.5,4.5,4.5,4.5,5,5,5,5,5,6,6,6,6,6,6,6,6,6,6,6,6,6,6,6,6,6,6,6,6,6,6,6,6,6,6,6,6,6,6,6,6,6,6,6,6,6,5,5,5,5,5,5,5,5,5,5,5,5,5,5,5,5,5,5,5,5,5,5,5,5,5,5,5,5,5,5,5,5,5,5,6,6,6,6,6,6,6,6,6,6,6,6,6,6,6,6,6,6,6,6,6,6,6,6,6,6,6,6,7,7,7,7,7,7,7,7,7,7,7,7,7,7,9,9,9,9,9,9,9,9,9,9,9,9,9,9,9,9,9,9,9,9,9,9,9,9,9,9,9,9,9,9,9,9,9,9,9,9,9,9,9,9,9,9,9,9,9,9,9,9,9,9,9,9,9,9,9,9,9,9,9,9,9,9,9,9,9,9,9,9,9,9,9,9,9,9,9,9,9,9,9,9,9,9,9,9,10,10,10,10,10,10,10,10,10,10,10,10,10,10,10,10,10,10,10,10,10,10,10,10,10,10,10,10,10,10,10,10,10,10,10,10,10,10,10,10,10,10,10,10,10,10,10,10,10,10,10,10,10,10,10,10,10,10,10,10,10,10,10,10,10,10,10,10,10,10,10,10,10,10,10,10,10,10,10,10,10,10,10,10,10,10,10,10,10,10,10,10,10,10,10,10,10,10,10,10,10,10,10,10,10,10,10,10,10,10,10,10,10,10,10,10,10,10,10,10,11,11,11,12,12,12,12,12,12,12,12,12,12,12,12,12,12,12,12,12,12,12,12,12,12,12,12,12,12,12,12,12,12,12,12,12,12,12,12,12,12,12,12,12,12,12,12,12,12,12,12,12,12,12,12,12,12,12,12,12,12,12,12,12,12,12,12,12,12,11,11,10,10,10,10,9,9,9,11,11,10.5,9,9,9,9,9,9,9,9,9,9,9,8,8,8,8,8,8,8,8,8,8,8,8,8,7,7,7,8,8,8,8,8,8,8,7.5,7,8.75,8.75,8.5,8.5,8.5,8.5,8.5,8.5,8.5,8.5,8.5,8,8,8,8,8,8,8,8,7.5,7.5,7.5,7.5,7,7,7,7,7,7,7,7,7,7,7,7,6,6,6,6,6,6,6,6,6,6,6,6,6,6,6,6,6,6,6,6.25,6.25,6.25,6.5,6.5,6.5,6.5,6.5,6.75,7,7,7,7.25,7.25,7.25,7.5,7.5,7.5,7.75,7.75,7.75,7.75,7.75,7.75,7.75,7.75,7.75,7.75,7.75,7.75,7.75,7.75,8.5,9,9,9,8,7.5,6.5,5.5,5.5,5,4.75,4.75,4.75,4.75,4.75,4.75,4.75,4.75,4.75,4.75,4.75,5,5.25,5.25,5.25,5.75,5.75,6,6,6.25,6.25,6.5,6.5,6.75,6.75,7.25,7.5,8,8,8.25,8.5,8.5,8.5,8.5,8.5,8.5,8,8,8,8,8,8,8,8,8,7.75,7.75,7.5,7.5,7.25,7.25,7.25,7.25,7.5,7.75,7.75,7.75,8,8,8,8,8,8,8,8,8,8,8,8,7.75,7.75,7.5,7.5,7.5,7.25,7.25,7.25,6.75,6.75,6.75,6.75,6.75,6.75,6.75,6.5,6.5,6.5,6.5,6.5,6.5,6.25,6.25,6.25,6.25,6.25,6.25,6.25,6.25,6.25,6.25,6,6,6,6,6,6,6,6,6,6,6.25,6.25,6.5,6.5,6.5,6.5,6.5,6.5,6.25,6.25,6,6,5.75,5.75,5.4,5.4,5.15,5.15,5.15,5.15,5.15,4.4,4.4,4,4,4,4,4,4,4,4,4,4,4,4,4,4,4,4,4,4,4,4,4,4,4,4,4.4,4.9,4.9,5.4,5.9,5.9,5.9,6.25,6.25,6.5,6.5,6.5,6.5,6.5,6.5,6.5,6.5,6.5,6.5,6.5,6.5,6.5,6.5,6.5,6.5,6.5,6.5,6.5,6.5,6.5,6.5,6.5,
IT,4,4,4,4,4,4,4,4,4,4,4,4,4,4,4,4,4,4,4,4,4,4,4,4,4,4,4,4,4,4,4,4,5.5,5.5,5.5,5.5,5.5,5.5,5.5,5.5,5.5,5.5,5.5,5.5,5.5,5.5,5.5,5.5,5.5,5.5,5.5,4.5,4.5,4.5,4.5,4.5,4.5,4.5,4.5,4.5,4.5,4.5,4.5,4,4,4,4,4,4,4,4,4,4,4,4,4,4,4,4,4,4,4,4,4,4,4,4,4,4,4,4,4,4,4,4,4,4,4,4,4,4,4,4,4,4,4,4,4,4,4,4,4,4,4,4,4,4,4,4,4,4,4,4,4,4,4,4,4,4,4,4,4,4,4,4,4,4,4,4,4,4,4,4,4,4,4,4,4,4,4,4,4,4,4,4,4,4,4,4,4,4,3.5,3.5,3.5,3.5,3.5,3.5,3.5,3.5,3.5,3.5,3.5,3.5,3.5,3.5,3.5,3.5,3.5,3.5,3.5,3.5,3.5,3.5,3.5,3.5,3.5,3.5,3.5,3.5,3.5,3.5,3.5,3.5,3.5,3.5,3.5,3.5,3.5,3.5,3.5,3.5,3.5,3.5,3.5,3.5,3.5,3.5,3.5,3.5,3.5,3.5,3.5,3.5,3.5,3.5,3.5,3.5,3.5,3.5,3.5,3.5,3.5,3.5,3.5,3.5,3.5,3.5,3.5,3.5,3.5,3.5,3.5,3.5,3.5,3.5,3.5,3.5,3.5,3.5,3.5,3.5,3.5,3.5,3.5,3.5,3.5,3.5,3.5,3.5,3.5,3.5,3.5,3.5,3.5,3.5,3.5,3.5,3.5,3.5,3.5,3.5,3.5,3.5,3.5,3.5,3.5,3.5,3.5,3.5,3.5,3.5,3.5,3.5,3.5,3.5,3.5,3.5,3.5,3.5,3.5,3.5,3.5,3.5,3.5,3.5,3.5,3.5,3.5,3.5,3.5,3.5,3.5,3.5,3.5,3.5,4,4,4,4,4,4,4,5.5,5.5,5.5,5.5,5.5,5.5,5.5,5.5,5.5,5.5,5.5,5.5,5.5,5,5,5,5,5,5,4.5,4.5,4.5,4.5,4.5,4.5,4,4,4,4,4,4,4,4,4,4,4,4,4,4,4,4,4,6.5,6.5,6.5,6.5,6.5,6.5,9,9,9,9,9,9,9,9,9,8,8,8,8,8,7,7,7,7,6,6,6,6,6,8,12,12,12,12,12,12,12,15,15,15,15,15,15,15,15,13,13,11.5,11.5,11.5,11.5,11.5,11.5,11.5,11.5,11.5,11.5,11.5,11.5,11.5,10.5,10.5,10.5,10.5,10.5,10.5,10.5,10.5,10.5,10.5,10.5,10.5,10.5,12,12,15,15,15,15,15,15,15,15,15,16.5,16.5,16.5,16.5,16.5,16.5,19,19,19,19,19,19,19,19,19,19,19,19,19,19,19,19,19,18,18,18,18,18,18,18,18,17,17,17,17,17,17,17,17,17,17,16,16,16,15.5,15.5,15.5,15.5,16.5,16.5,16.5,16.5,15.5,15.5,15.5,15.5,15.5,15.5,15.5,15.5,15.5,15.5,15,15,15,15,14,13,12,12,12,12,12,12,12,12,12,12,11.5,11.5,11.5,11.5,11.5,12,12,12,12,12,12,12,12,12,12,12,12,12.5,12.5,12.5,12.5,12.5,12.5,12.5,13.5,13.5,13.5,13.5,13.5,13.5,13.5,13.5,13.5,13.5,13.5,13.5,13.5,13.5,12.5,12.5,12.5,12.5,12.5,12.5,12.5,12.5,12.5,12.5,12.5,12.5,11.5,11.5,11.5,11.5,11.5,11.5,11.5,12,12,12,12,12,12,12,13.75,13.25,15,14,13,12,12,11.5,11.5,11,10.5,10,9,9,8.5,8,8,8,8,7.5,7.5,7.5,7,7,7,7.5,7.5,7.5,7.5,7.5,7.5,8.25,8.25,8.25,9,9,9,9,9,9,9,9,9,9,9,9,9,9,8.25,8.25,8.25,7.5,7.5,7.5,6.75,6.75,6.75,6.75,6.75,6.25,6.25,6.25,6.25,6.25,6.25,5.5,5.5,5.5,5.5,5,5,5,5,5,5,4,4,3,,,,,,,,,,,,,,,,,,,,,,,,,,,,,,,,,,,,,,,,,,,,,,,,,,,,,,,,,,,,,,,,,,,,,,,,,,,,,,,,,,,,,,,,,,,,,,,,,,,,,,,,,,,,,,,,,,,,,,,,,,,,,,,,,,,,,,,,,,,,,,,,,,,,,,,,,,,,,,,,,,,,,,,,,,,,,,,,,,,,,,,,,,,,,,,,,,,,,,,,,,,,,,,,,,,,,,,,,,,,,,,,,,,,,,,,,,,,,,,,,,,,,,,,,,,,,,,,,,,,,,,,,,,,,,,,,,,,,,,,,,,,,,,,,,,,,,,,,,,,,,,,,,,,,,,,,
JP,,,,,,,,,,,,,3.29,3.29,3.29,3.29,3.29,3.29,3.29,3.29,3.29,3.65,3.65,3.65,3.65,3.65,3.65,3.65,3.65,3.65,3.65,3.65,3.65,3.65,3.65,3.65,3.65,3.65,3.65,4.38,4.38,4.38,5.11,5.11,5.11,5.11,5.11,5.11,5.11,5.11,5.11,5.11,5.11,5.11,5.11,5.11,5.11,5.11,5.11,5.11,5.11,5.11,5.11,5.11,5.11,5.11,5.11,5.11,5.11,5.11,5.11,5.11,5.11,5.11,5.11,5.11,5.11,5.11,5.11,5.11,5.11,5.84,5.84,5.84,5.84,5.84,5.84,5.84,5.84,5.84,5.84,5.84,5.84,5.84,5.84,5.84,5.84,5.84,5.84,5.84,5.84,5.84,5.84,5.84,5.84,5.84,5.84,5.84,5.84,5.84,5.84,5.84,5.84,5.84,5.84,5.84,5.84,5.84,5.84,5.84,5.84,5.84,5.84,5.84,5.84,5.84,5.84,7.3,7.3,7.3,7.3,7.3,7.3,7.3,7.3,7.3,7.3,7.3,7.3,7.3,7.3,7.3,7.3,7.3,7.3,7.3,7.67,7.67,8.4,8.4,8.4,8.4,8.4,8.4,8.4,8.4,8.4,8.4,8.4,8.4,8.4,7.67,7.67,7.67,7.3,7.3,7.3,7.3,7.3,6.94,6.94,6.94,6.94,6.94,6.94,6.94,6.94,6.94,6.94,7.3,7.3,7.3,7.3,7.3,7.3,7.3,7.3,6.94,6.94,6.94,6.94,6.94,6.57,6.57,6.57,6.57,6.57,6.57,6.94,6.94,7.3,7.3,7.3,7.3,7.3,7.3,7.3,7.3,7.3,7.3,7.3,7.3,7.3,6.94,6.57,6.57,6.57,6.57,6.21,5.84,5.84,5.84,5.84,5.84,5.84,5.84,5.84,5.84,5.84,5.84,6.57,6.57,6.57,6.57,6.57,6.57,6.57,6.57,6.57,6.57,6.21,6.21,6.21,5.84,5.84,5.48,5.48,5.48,5.48,5.48,5.48,5.48,5.48,5.48,5.48,5.48,5.48,5.48,5.48,5.48,5.48,5.48,5.48,5.48,5.48,5.48,5.48,5.48,5.48,5.48,5.48,5.48,5.84,5.84,5.84,5.84,6.21,6.21,6.21,6.21,6.21,6.21,6.21,5.84,5.84,5.84,5.84,5.84,5.84,5.84,5.84,5.84,5.84,5.84,5.84,5.84,6.25,6.25,6.25,6.25,6.25,6.25,6.25,6.25,6.25,6.25,6.25,6.25,6.25,6,6,6,5.75,5.75,5.75,5.75,5.5,5.5,5.25,5.25,5.25,5.25,5.25,4.75,4.75,4.75,4.75,4.75,4.75,4.25,4.25,4.25,4.25,4.25,4.25,4.25,4.25,4.25,4.25,5,5.5,5.5,6,7,7,7,7,9,9,9,9,9,9,9,9,9,9,9,9,9,9,9,9,8.5,8.5,8,8,7.5,7.5,6.5,6.5,6.5,6.5,6.5,6.5,6.5,6.5,6.5,6.5,6.5,6.5,6.5,6.5,6.5,6.5,6.5,6,5,5,5,5,5,4.25,4.25,4.25,4.25,4.25,4.25,3.5,3.5,3.5,3.5,3.5,3.5,3.5,3.5,3.5,3.5,3.5,3.5,3.5,4.25,4.25,4.25,5.25,5.25,5.25,5.25,6.25,6.25,6.25,7.25,9,9,9,9,9,8.25,8.25,8.25,7.25,7.25,7.25,7.25,6.25,6.25,6.25,6.25,6.25,6.25,6.25,6.25,6.25,5.5,5.5,5.5,5.5,5.5,5.5,5.5,5.5,5.5,5.5,5.5,5.5,5.5,5.5,5.5,5.5,5.5,5.5,5.5,5.5,5.5,5.5,5,5,5,5,5,5,5,5,5,5,5,5,5,5,5,5,5,5,5,5,5,5,5,5,5,5,5,4.5,4.5,4,3.5,3.5,3.5,3.5,3.5,3.5,3.5,3,3,3,2.5,2.5,2.5,2.5,2.5,2.5,2.5,2.5,2.5,2.5,2.5,2.5,2.5,2.5,2.5,2.5,2.5,2.5,2.5,2.5,2.5,2.5,2.5,2.5,2.5,2.5,2.5,3.25,3.25,3.25,3.25,3.25,3.75,3.75,4.25,4.25,4.25,5.25,5.25,5.25,5.25,5.25,6,6,6,6,6,6,6,6,6,6,6,5.5,5.5,5.5,5.5,5,4.5,4.5,4.5,4.5,3.75,3.75,3.75,3.25,3.25,3.25,3.25,3.25,3.25,3.25,2.5,2.5,2.5,2.5,2.5,2.5,2.5,1.75,1.75,1.75,1.75,1.75,1.75,1.75,1.75,1.75,1.75,1.75,1.75,1.75,1.75,1.75,1.75,1.75,1.75,1.75,1,1,1,1,1,0.5,0.5,0.5,0.5,0.5,0.5,0.5,0.5,0.5,0.5,0.5,0.5,0.5,0.5,0.5,0.5,0.5,0.5,0.5,0.5,0.5,0.5,0.5,0.5,0.5,0.5,0.5,0.5,0.5,0.5,0.5,0.5,0.5,0.5,0.5,0.5,0.25,0.25,0.25,0.25,0.25,0.25,,,,,,,,,,,,,,,,,,0.25,0.25,0.25,0.25,0.25,0.25,0.15,0.15,,,,,,,,,,,,,,,,,,,,,,,,,,,,,,,,,,,,,,,,,,,,,,,,,,,,,,,,,,,,0,0,0,0,0.25,0.25,0.25,0.25,0.25,0.25,0.25,0.5,0.5,0.5,0.5,0.5,0.5,0.5,0.5,0.5,0.5,0.5,0.5,0.5,0.5,0.5,0.5,0.5,0.5,0.5,0.5,0.3,0.3,0.1,0.1,0.1,0.1,0.1,0.1,0.1,0.1,0.1,0.1,0.1,0.1,0.1,0.1,0.1,0.1,0.1,0.1,0.1,0.1,0.1,0.1,0.05,0.05,0.05,0.05,0.05,0.05,0.05,0.05,0.05,0.05,0.05,0.05,0.05,0.05,0.05,0.05,0.05,0.05,0.05,0.05,0.05,0.05,0.05,0.05,0.05,0.05,0.05,0.05,0.05,0.05,0.05,,,,,,,,,,,,,,,,,,,,,,,,,,,,,,,,,,,,,,,,,-0.1,-0.1,-0.1,-0.1,-0.1,-0.1,-0.1,-0.1,-0.1,-0.1,-0.1,-0.1,-0.1,-0.1,-0.1,-0.1,-0.1,-0.1,-0.1,-0.1,-0.1,-0.1,-0.1,-0.1,-0.1,-0.1,-0.1,-0.1,-0.1,-0.1,-0.1,-0.1,-0.1,-0.1,-0.1,-0.1,-0.1,-0.1,-0.1,-0.1,-0.1,-0.1,-0.1,-0.1,-0.1,-0.1,-0.1,-0.1,-0.1,-0.1,-0.1,-0.1,-0.1,-0.1,-0.1,-0.1,-0.1,-0.1,-0.1,-0.1,-0.1,-0.1,-0.1,-0.1,-0.1,-0.1,-0.1,-0.1,-0.1,-0.1,-0.1,-0.1,-0.1,-0.1,-0.1,-0.1,-0.1,-0.1,-0.1,-0.1,-0.1,-0.1,-0.1,-0.1,-0.1,-0.1,-0.1,-0.1,-0.1,-0.1,0.05,0.05,0.05,0.05,0.05,0.25,0.25,0.25,0.25,0.25,0.5
KR,,,,,,,,,,,,,,,,,,,,,,,,,,,,,,,,,,,,,,,,,,,,,,,,,,,,,,,,,,,,,,,,,,,,,,,,,,,,,,,,,,,,,,,,,,,,,,,,,,,,,,,,,,,,,,,,,,,,,,,,,,,,,,,,,,,,,,,,,,,,,,,,,,,,,,,,,,,,,,,,,,,,,,,,,,,,,,,,,,,,,,,,,,,,,,,,,,,,,,,,,,,,,,,,,,,,,,,,,,,,,,,,,,,,,,,,,,,,,,,,,,,,,,,,,,,,,,,,,,,,,,,,,,,,,,,,,,,,,,,,,,,,,,,,,,,,,,,,,,,,,,,,,,,,,,,,,,,,,,,,,,,,,,,,,,,,,,,,,,,,,,,,,,,,,,,,,,,,,,,,,,,,,,,,,,,,,,,,,,,,,,,,,,,,,,,,,,,,,,,,,,,,,,,,,,,,,,,,,,,,,,,,,,,,,,,,,,,,,,,,,,,,,,,,,,,,,,,,,,,,,,,,,,,,,,,,,,,,,,,,,,,,,,,,,,,,,,,,,,,,,,,,,,,,,,,,,,,,,,,,,,,,,,,,,,,,,,,,,,,,,,,,,,,,,,,,,,,,,,,,,,,,,,,,,,,,,,,,,,,,,,,,,,,,,,,,,,,,,,,,,,,,,,,,,,,,,,,,,,,,,,,,,,,,,,,,,,,,,,,,,,,,,,,,,,,,,4.75,4.75,4.75,4.75,4.75,4.75,4.75,4.75,4.75,5,5,5,5,5,5,5,5,5.25,5.25,5.25,5.25,5,5,5,5,5,4.75,4.5,4,4,4,4,4,4,4,4,4.25,4.25,4.25,4.25,4.25,4.25,4.25,4.25,4.25,4.25,4.25,4.25,4,4,3.75,3.75,3.75,3.75,3.75,3.75,3.75,3.75,3.75,3.75,3.75,3.75,3.75,3.5,3.5,3.5,3.25,3.25,3.25,3.25,3.25,3.25,3.25,3.25,3.25,3.25,3.25,3.5,3.5,3.75,3.75,4,4,4,4,4.25,4.25,4.5,4.5,4.5,4.5,4.5,4.5,4.5,4.5,4.5,4.5,4.5,4.75,5,5,5,5,5,5,5,5,5,5,5,5,5.25,5.25,4.25,4,3,2.5,2,2,2,2,2,2,2,2,2,2,2,2,2,2,2,2,2,2.25,2.25,2.25,2.25,2.5,2.5,2.75,2.75,3,3,3,3.25,3.25,3.25,3.25,3.25,3.25,3.25,3.25,3.25,3.25,3.25,3.25,3.25,3,3,3,2.75,2.75,2.75,2.75,2.75,2.75,2.75,2.5,2.5,2.5,2.5,2.5,2.5,2.5,2.5,2.5,2.5,2.5,2.5,2.5,2.5,2.5,2.25,2.25,2,2,2,2,2,1.75,1.75,1.75,1.5,1.5,1.5,1.5,1.5,1.5,1.5,1.5,1.5,1.5,1.5,1.5,1.25,1.25,1.25,1.25,1.25,1.25,1.25,1.25,1.25,1.25,1.25,1.25,1.25,1.25,1.25,1.25,1.25,1.5,1.5,1.5,1.5,1.5,1.5,1.5,1.5,1.5,1.5,1.5,1.5,1.75,1.75,1.75,1.75,1.75,1.75,1.75,1.75,1.5,1.5,1.5,1.25,1.25,1.25,1.25,1.25,0.75,0.75,0.5,0.5,0.5,0.5,0.5,0.5,0.5,0.5,0.5,0.5,0.5,0.5,0.5,0.5,0.5,0.75,0.75,0.75,1,1,1.25,1.25,1.25,1.5,1.75,1.75,2.25,2.5,2.5,3,3.25,3.25,3.5,3.5,3.5,3.5,3.5,3.5,3.5,3.5,3.5,3.5,3.5,3.5,3.5,3.5,3.5,3.5,3.5,3.5,3.5,3.5,3.5,3.25,3,3,
MX,,,,,,,,,,,,,,,,,,,,,,,,,,,,,,,,,,,,,,,,,,,,,,,,,,,,,,,,,,,,,,,,,,,,,,,,,,,,,,,,,,,,,,,,,,,,,,,,,,,,,,,,,,,,,,,,,,,,,,,,,,,,,,,,,,,,,,,,,,,,,,,,,,,,,,,,,,,,,,,,,,,,,,,,,,,,,,,,,,,,,,,,,,,,,,,,,,,,,,,,,,,,,,,,,,,,,,,,,,,,,,,,,,,,,,,,,,,,,,,,,,,,,,,,,,,,,,,,,,,,,,,,,,,,,,,,,,,,,,,,,,,,,,,,,,,,,,,,,,,,,,,,,,,,,,,,,,,,,,,,,,,,,,,,,,,,,,,,,,,,,,,,,,,,,,,,,,,,,,,,,,,,,,,,,,,,,,,,,,,,,,,,,,,,,,,,,,,,,,,,,,,,,,,,,,,,,,,,,,,,,,,,,,,,,,,,,,,,,,,,,,,,,,,,,,,,,,,,,,,,,,,,,,,,,,,,,,,,,,,,,,,,,,,,,,,,,,,,,,,,,,,,,,,,,,,,,,,,,,,,,,,,,,,,,,,,,,,,,,,,,,,,,,,,,,,,,,,,,,,,,,,,,,,,,,,,,,,,,,,,,,,,,,,,,,,,,,,,,,,,,,,,,,,,,,,,,,,,,,,,,,,,,,,,,,,,,,,,,,,,,,,,,,,34.37,33.14,35.85,28.46,22.96,20.24,21.78,21.01,21.9,19.51,18.9,17.78,19.97,18.39,19.25,17.38,13.87,14.46,16.23,18.06,13.75,15.51,15.89,17.09,17.9,18.79,17.72,16.86,16.32,15,11.47,10.25,9.27,8.94,10.36,8.08,7.24,8.04,8.08,7.63,7.11,5.47,7.33,8.13,5.37,6.64,8.05,7.72,7,8.25,9.01,9.27,8.92,5.85,4.79,4.36,4.07,4.57,4.3,4.73,6.26,6.12,5.2,6.71,6.13,6.26,6.35,6.53,6.76,7.17,7.62,7.81,8.27,8.75,8.82,9.21,9.51,9.6,9.75,9.76,9.75,9.51,9.26,9.01,8.76,8.27,7.77,7.51,7.27,7.05,7.02,7.03,7.03,7.03,7.05,7.04,7.05,7.02,7.02,7.08,7.04,7.26,7.3,7.3,7.29,7.29,7.28,7.49,7.51,7.57,7.5,7.5,7.5,7.5,7.5,7.75,8,8.25,8.25,8.25,8.25,8.25,7.75,7.5,6.75,6,5.25,4.75,4.5,4.5,4.5,4.5,4.5,4.5,4.5,4.5,4.5,4.5,4.5,4.5,4.5,4.5,4.5,4.5,4.5,4.5,4.5,4.5,4.5,4.5,4.5,4.5,4.5,4.5,4.5,4.5,4.5,4.5,4.5,4.5,4.5,4.5,4.5,4.5,4.5,4.5,4.5,4.5,4.5,4.5,4.5,4.5,4,4,4,4,4,4,3.75,3.5,3.5,3.5,3.5,3.5,3.5,3.5,3.5,3,3,3,3,3,3,3,3,3,3,3,3,3,3,3,3,3,3,3.25,3.25,3.75,3.75,3.75,3.75,4.25,4.25,4.25,4.75,4.75,5.25,5.75,5.75,6.25,6.5,6.5,6.75,7,7,7,7,7,7,7.25,7.25,7.5,7.5,7.5,7.5,7.75,7.75,7.75,7.75,7.75,8,8.25,8.25,8.25,8.25,8.25,8.25,8.25,8.25,8,7.75,7.75,7.5,7.25,7.25,7,6.5,6,5.5,5,5,4.5,4.25,4.25,4.25,4.25,4.25,4,4,4,4,4.25,4.25,4.5,4.5,4.75,5,5.5,5.5,6,6.5,6.5,7,7.75,7.75,8.5,9.25,9.25,10,10.5,10.5,11,11.25,11.25,11.25,11.25,11.25,11.25,11.25,11.25,11.25,11.25,11.25,11.25,11,11,11,11,11,10.75,10.5,10.5,10.25,10,10
RU,,,,,,,,,,,,,,,,,,,,,,,,,,,,,,,,,,,,,,,,,,,,,,,,,,,,,,,,,,,,,,,,,,,,,,,,,,,,,,,,,,,,,,,,,,,,,,,,,,,,,,,,,,,,,,,,,,,,,,,,,,,,,,,,,,,,,,,,,,,,,,,,,,,,,,,,,,,,,,,,,,,,,,,,,,,,,,,,,,,,,,,,,,,,,,,,,,,,,,,,,,,,,,,,,,,,,,,,,,,,,,,,,,,,,,,,,,,,,,,,,,,,,,,,,,,,,,,,,,,,,,,,,,,,,,,,,,,,,,,,,,,,,,,,,,,,,,,,,,,,,,,,,,,,,,,,,,,,,,,,,,,,,,,,,,,,,,,,,,,,,,,,,,,,,,,,,,,,,,,,,,,,,,,,,,,,,,,,,,,,,,,,,,,,,,,,,,,,,,,,,,,,,,,,,,,,,,,,,,,,,,,,,,,,,,,,,,,,,,,,,,,,,,,,,,,,,,,,,,,,,,,,,,,,,,,,,,,,,,,,,,,,,,,,,,,,,,,,,,,,,,,,,,,,,,,,,,,,,,,,,,,,,,,,,,,,,,,,,,,,,,,,,,,,,,,,,,,,,,,,,,,,,20,20,20,50,80,80,80,80,80,80,80,80,80,80,100,100,100,140,170,170,180,210,210,210,210,210,210,205,200,155,155,130,130,170,180,180,200,200,200,200,195,180,180,180,180,170,170,160,160,120,120,120,120,120,110,80,80,60,60,48,48,42,42,36,36,24,24,24,24,21,28,28,28,39,30,30,150,80,60,60,60,60,60,60,60,60,60,60,60,55,55,55,55,55,55,55,45,45,33,33,33,33,28,28,28,28,25,25,25,25,25,25,25,25,25,25,25,25,25,25,25,25,25,23,23,23,23,21,21,21,21,21,21,18,18,18,18,16,16,16,16,16,16,16,14,14,14,14,14,13,13,13,13,13,13,13,13,13,13,13,13,13,13,13,13,13,13,12,12,12,12,12,12,11.5,11.5,11.5,11.5,11,11,11,10.5,10.5,10.5,10.5,10.5,10,10,10,10,10,10,10,10,10.25,10.25,10.5,10.5,10.75,11,11,11,11,12,13,13,13,13,12.5,12,11.5,11,10.75,10,9.5,9,8.75,8.75,8.5,8.25,8,7.75,7.75,7.75,7.75,7.75,7.75,7.75,7.75,7.75,8,8,8,8.25,8.25,8.25,8.25,8.25,8.25,8.25,8,8,8,8,8,8,8.25,8,8,8.25,8.25,8.25,8.25,8.25,8.25,8.25,8.25,8.25,8.25,8.25,8.25,5.5,5.5,5.5,5.5,5.5,5.5,7,7.5,7.5,7.5,8,8,8,8,9.5,17,17,15,14,14,12.5,11.5,11.5,11,11,11,11,11,11,11,11,11,11,10.5,10.5,10.5,10,10,10,10,10,10,9.75,9.75,9.25,9,9,9,8.5,8.25,8.25,7.75,7.75,7.5,7.25,7.25,7.25,7.25,7.25,7.25,7.5,7.5,7.5,7.75,7.75,7.75,7.75,7.75,7.75,7.5,7.25,7.25,7,6.5,6.5,6.25,6.25,6,6,5.5,5.5,4.5,4.25,4.25,4.25,4.25,4.25,4.25,4.25,4.25,4.5,5,5,5.5,6.5,6.5,6.75,7.5,7.5,8.5,8.5,20,20,17,11,9.5,8,8,7.5,7.5,7.5,7.5,7.5,7.5,7.5,7.5,7.5,7.5,8.5,12,13,15,15,16,16,16,16,16,16,16,18,18,19,21,21,21,21
SA,,,,,,,,,,,,,,,,,,,,,,,,,,,,,,,,,,,,,,,,,,,,,,,,,,,,,,,,,,,,,,,,,,,,,,,,,,,,,,,,,,,,,,,,,,,,,,,,,,,,,,,,,,,,,,,,,,,,,,,,,,,,,,,,,,,,,,,,,,,,,,,,,,,,,,,,,,,,,,,,,,,,,,,,,,,,,,,,,,,,,,,,,,,,,,,,,,,,,,,,,,,,,,,,,,,,,,,,,,,,,,,,,,,,,,,,,,,,,,,,,,,,,,,,,,,,,,,,,,,,,,,,,,,,,,,,,,,,,,,,,,,,,,,,,,,,,,,,,,,,,,,,,,,,,,,,,,,,,,,,,,,,,,,,,,,,,,,,,,,,,,,,,,,,,,,,,,,,,,,,,,,,,,,,,,,,,,,,,,,,,,,,,,,,,,,,,,,,,,,,,,,,,,,,,,,,,,,,,,,,,,,,,,,,,,,,,,,,,,,,,,,,,,,,,,,,,,,,,,,,,,,,,,,,,,,,,,,,,,,,,,,,,,,,,,,,,,,,,,,,,,,,,,,,,,,,,,,,,,,,,,,,,,,,,,,,,,,,,,,,,,,,,,,,,,,,,,,,,,,,,,,,,,,,,,,,,,,,,,,,,,,,,,,,,,,,,,,,,,,,,,,,,,,,,,,,,,,,,,,,,,,,,,,,,,,,,,,,,,,,,,,,,,,,,,,,,,,,,,,,,6.25,6.25,6.25,6.25,7,7,7,7,7,7,7,7,6,6,5.5,5,4.5,4.5,4.25,4,3.5,3,2.75,2.75,2.75,2.75,2.5,2.5,2.5,2.5,2.5,2.5,2.5,2.5,2,2,2,2,2,2,2,1.75,1.75,1.75,1.75,1.75,1.75,1.75,1.75,1.75,1.75,1.75,1.5,1.5,1.5,1.75,2,2,2.25,2.5,2.5,2.75,3.25,3.25,3.5,3.5,3.75,4,4.25,4.5,4.5,4.75,4.75,5,5,5,5,5,5.2,5.2,5.2,5.2,5.2,5.2,5.2,5.5,5.5,5.5,5.5,5.5,5.5,5.5,5.5,5.5,5.5,5.5,5.5,5.5,5.5,5.5,5.5,5.5,5.5,5.5,5.5,5,3,2.5,2,2,2,2,2,2,2,2,2,2,2,2,2,2,2,2,2,2,2,2,2,2,2,2,2,2,2,2,2,2,2,2,2,2,2,2,2,2,2,2,2,2,2,2,2,2,2,2,2,2,2,2,2,2,2,2,2,2,2,2,2,2,2,2,2,2,2,2,2,2,2,2,2,2,2,2,2,2,2,2,2,2,2,2,2,2,2,2,2,2,2,2,2,2,2,2,2,2,2,2,2,2,2,2,2,2,2,2,2,2,2.25,2.25,2.25,2.5,2.5,2.5,2.75,2.75,2.75,3,3,3,3,3,3,3,2.75,2.75,2.5,2.25,2.25,2.25,2.25,2.25,1,1,1,1,1,1,1,1,1,1,1,1,1,1,1,1,1,1,1,1,1,1,1,1,1.25,1.25,1.75,2.25,3,3,3.75,3.75,4.5,5,5,5.25,5.5,5.5,5.75,5.75,6,6,6,6,6,6,6,6,6,6,6,6,6,6,5.5,5.5,5.25,5,
TR,,,,,,,,,,,,,,,,,,,,,,,,,,,,,,,,,,,,,,,,,,,,,,,,,,,,,,,,,,,,,,,,,,,,,,,,,,,,,,,,,,,,,,,,,,,,,,,,,,,,,,,,,,,,,,,,,,,,,,,,,,,,,,,,,,,,,,,,,,,,,,,,,,,,,,,,,,,,,,,,,,,,,,,,,,,,,,,,,,,,,,,,,,,,,,,,,,,,,,,,,,,,,,,,,,,,,,,,,,,,,,,,,,,,,,,,,,,,,,,,,,,,,,,,,,,,,,,,,,,,,,,,,,,,,,,,,,,,,,,,,,,,,,,,,,,,,,,,,,,,,,,,,,,,,,,,,,,,,,,,,,,,,,,,,,,,,,,,,,,,,,,,,,,,,,,,,,,,,,,,,,,,,,,,,,,,,,,,,,,,,,,,,,,,,,,,,,,,,,,,,,,,,,,,,,,,,,,,,,,,,,,,,,,,,,,,,,,,,,,,,,,,,,,,,,,,,,,,,,,,,,,,,,,,,,,,,,,,,,,,,,,,,,,,,,,,,,,,,,,,,,,,,,,,,,,,,,,,,,,,,,,,,,,,,,,,,,,,,,,,,,,,,,,,,,,,,,,,,,,,,,,,,,,,,,,,,,,,,,,,,,,,,,,,,,,,,,,,,,,,,,,,,,,,,,,,,,,,,,,,,,,,,,,,,,,,,,,,,,,,,,,,,,,,,,,,,,,,,,,,,,,,,,,,,,,,,,,,,,,,,,,,,,57,54,48,48,48,48,46,46,46,44,44,44,44,44,41,41,38,35,32,29,26,26,26,26,24,22,22,22,22,22,22,20,20,20,18,17,16.5,15.5,15,14.5,14.25,14.25,14.25,14.25,14,13.75,13.5,13.5,13.5,13.5,13.25,13.25,17.25,17.5,17.5,17.5,17.5,17.5,17.5,17.5,17.5,17.5,17.5,17.5,17.5,17.5,17.5,17.25,16.75,16.25,15.75,15.5,15.25,15.25,15.25,15.75,16.25,16.75,16.75,16.75,16.75,16.25,15,13,11.5,10.5,9.75,9.25,8.75,8.25,7.75,7.25,6.75,6.5,6.5,6.5,6.5,6.5,6.5,7,7,7,7,7,7,7,6.5,6.25,6.25,6.25,6.25,6.25,6.25,6.25,5.75,5.75,5.75,5.75,5.75,5.75,5.75,5.75,5.75,5.75,5.75,5.75,5.75,5.75,5.75,5.75,5.5,5.5,5.5,5.5,5,4.5,4.5,4.5,4.5,4.5,4.5,4.5,4.5,10,10,10,10,9.5,8.75,8.25,8.25,8.25,8.25,8.25,8.25,7.75,7.5,7.5,7.5,7.5,7.5,7.5,7.5,7.5,7.5,7.5,7.5,7.5,7.5,7.5,7.5,7.5,7.5,7.5,7.5,7.5,7.5,8,8,8,8,8,8,8,8,8,8,8,8,8,8,8,8,8,8,8,17.75,17.75,17.75,24,24,24,24,24,24,24,24,24,24,19.75,19.75,16.5,14,14,12,11.25,10.75,9.75,8.75,8.25,8.25,8.25,8.25,10.25,10.25,15,17,17,17,19,19,19,19,19,19,18,16,15,14,14,14,14,14,14,14,14,13,12,10.5,9,9,9,8.5,8.5,8.5,8.5,15,17.5,25,30,35,40,42.5,45,45,50,50,50,50,50,50,50,50,50,47.5,45
US,,,,,,,,,,,,,,,,,,,,,,,,,,,,,,,,,,,,,,,,,,,,,,,,,,,,,,,,,,,,,,,,,,,,,,,,,,,,,,,,,,,,,,,,,,,,,,,,,,,,,,,,,,,,,,,,,,,0.25,1.44,1.44,1.13,1.38,1.44,1.44,1.44,1.44,1.69,1.69,1.69,1.75,2,2.19,2.25,2.44,2.5,2.5,2.5,2.5,2.75,2.75,2.75,2.69,3,3,3,3,3,3,3,2.94,3,3,3,2.88,3.5,3.5,3.5,3,3,1.5,0.5,0.5,0.25,0.13,0.5,0.38,1.75,1.5,2,2.5,2.38,2.5,2.5,3,3,3.25,3,3.5,3.5,3,4,4,4,4,4,4,4,3.5,3.5,3.25,3,3,2.75,0.25,3,2.25,2,2,0.5,1,0.5,2.5,1.75,1.5,2,1.75,2.5,1.5,2.75,2.75,2.5,2.75,2.75,2.75,3,2.75,3,2.88,3,3,3,3,3,3,3,3.5,3.5,3.5,3.5,3.5,3.25,3.5,3.5,3.5,3.5,3.5,3.5,3.5,3.5,2.75,3.5,4,4,4,4,4,4.13,4.13,4.13,4.13,4,4.13,4.13,4.13,4.63,4.5,4.63,4.75,4.63,4.75,5.5,5.75,4.5,5.75,5.75,5.75,5,4,4.75,4.5,4,4.13,3.5,3.75,4,3.75,4.13,4.5,4.5,4.75,4.75,5.25,6.25,6.13,5.5,6,5.75,5.5,6,6,4,6.38,7,6.25,8,9.38,7.5,8.75,9.75,8.5,9,9.25,5,9.38,8.5,7.5,8.5,7.88,5.75,6.75,6.5,5,6.13,5.5,3,4,3.38,4.5,4.25,4.88,4.75,5.5,5.75,5.38,5.13,4.25,3,3.13,3.25,4,4.31,4.75,4.5,4.5,5.13,4.88,4.88,5.19,5.5,6.5,7.5,7.38,7.63,8.13,8.88,11.22,11.22,10.82,10.61,10.34,9.83,9.31,8.87,9.95,11,11.64,13.31,12.06,11.6,11.11,9.66,9.47,3.87,6.76,6.07,5.39,7.03,5.23,5.97,6.23,6.13,6.22,5.65,5.29,5.37,4.84,4.89,5.07,5.1,5.67,5.71,5.32,5.31,5.31,5.02,4.69,4.17,4.65,4.73,4.72,5.12,5.47,5.64,5.86,6.03,6.46,6.6,6.56,6.53,6.79,6.83,6.97,7.25,7.43,8.01,8,8.4,8.9,9.35,9.94,10.84,10.57,10.24,10.07,10.43,10.31,10.54,10.81,11.29,12.16,14.82,13.96,14.77,13.4,16.33,19.85,14.64,11.06,10.44,9.93,10.74,13.19,13.77,18.56,22,17.25,15.53,14.63,18.92,17.56,18.64,17.46,16.83,16.58,14.44,12.44,13.13,14.21,13.74,16.8,15.28,13.38,14.58,11.41,10.63,12.17,9.41,8.93,11.2,8.56,8.53,10.81,8.84,8.94,10.06,9.52,9.59,10.59,9.43,9.34,9.92,9.35,9.45,10.24,10.9,10.81,10.85,11.83,11.64,11.23,9.99,8.92,8.74,8.73,8.74,8.58,8.58,7.64,7.95,8.61,7.8,8.84,8.08,8.54,7.75,7.75,7.75,7.25,6.75,6.8125,6.875,6.375,5.875,5.875,5.875,5.875,5.875,6,6,6,6.5,6.75,6.75,6.625,6.75,7.3125,7.3125,6.8125,6.8125,6.625,6.5,6.75,6.75,7.25,7.4375,7.6875,8.125,8.125,8.125,8.375,8.6875,9,9.75,9.75,9.75,9.8125,9.5625,9.0625,9.0625,9.0625,8.75,8.5,8.25,8.25,8.25,8.25,8.25,8.25,8.25,8,8,8,7.75,7.5,7,6.75,6.25,6,5.75,5.75,5.75,5.75,5.5,5.25,5,4.75,4,4,4,4,3.75,3.75,3.75,3.25,3.25,3,3,3,3,3,3,3,3,3,3,3,3,3,3,3,3,3,3.25,3.5,3.75,4.25,4.25,4.25,4.75,4.75,4.75,5.5,5.5,5.5,6,6,6,6,6,5.75,5.75,5.75,5.75,5.75,5.5,5.25,5.25,5.25,5.25,5.25,5.25,5.25,5.25,5.25,5.25,5.25,5.25,5.25,5.25,5.5,5.5,5.5,5.5,5.5,5.5,5.5,5.5,5.5,5.5,5.5,5.5,5.5,5.5,5.5,5.5,5.5,5.5,5.25,5,4.75,4.75,4.75,4.75,4.75,4.75,4.75,5,5,5.25,5.25,5.25,5.5,5.5,5.5,5.75,6,6,6.5,6.5,6.5,6.5,6.5,6.5,6.5,6.5,5.5,5.5,5,4.5,4,3.75,3.75,3.5,3,2.5,2,1.75,1.75,1.75,1.75,1.75,1.75,1.75,1.75,1.75,1.75,1.75,1.25,1.25,1.25,1.25,1.25,1.25,1.25,1,1,1,1,1,1,1,1,1,1,1,1,1.25,1.25,1.5,1.75,1.75,2,2.25,2.25,2.5,2.75,2.75,3,3.25,3.25,3.5,3.75,3.75,4,4.25,4.5,4.5,4.75,4.75,5,5.25,5.25,5.25,5.25,5.25,5.25,5.25,5.25,5.25,5.25,5.25,5.25,5.25,5.25,5.25,4.75,4.5,4.5,4.25,3,3,2.25,2,2,2,2,2,2,1,1,0.125,0.125,0.125,0.125,0.125,0.125,0.125,0.125,0.125,0.125,0.125,0.125,0.125,0.125,0.125,0.125,0.125,0.125,0.125,0.125,0.125,0.125,0.125,0.125,0.125,0.125,0.125,0.125,0.125,0.125,0.125,0.125,0.125,0.125,0.125,0.125,0.125,0.125,0.125,0.125,0.125,0.125,0.125,0.125,0.125,0.125,0.125,0.125,0.125,0.125,0.125,0.125,0.125,0.125,0.125,0.125,0.125,0.125,0.125,0.125,0.125,0.125,0.125,0.125,0.125,0.125,0.125,0.125,0.125,0.125,0.125,0.125,0.125,0.125,0.125,0.125,0.125,0.125,0.125,0.125,0.125,0.125,0.125,0.125,0.375,0.375,0.375,0.375,0.375,0.375,0.375,0.375,0.375,0.375,0.375,0.375,0.625,0.625,0.625,0.875,0.875,0.875,1.125,1.125,1.125,1.125,1.125,1.125,1.375,1.375,1.375,1.625,1.625,1.625,1.875,1.875,1.875,2.125,2.125,2.125,2.375,2.375,2.375,2.375,2.375,2.375,2.375,2.375,2.125,1.875,1.625,1.625,1.625,1.625,1.625,0.125,0.125,0.125,0.125,0.125,0.125,0.125,0.125,0.125,0.125,0.125,0.125,0.125,0.125,0.125,0.125,0.125,0.125,0.125,0.125,0.125,0.125,0.125,0.125,0.375,0.375,0.875,1.625,2.375,2.375,3.125,3.125,3.875,4.375,4.375,4.625,4.875,4.875,5.125,5.125,5.375,5.375,5.375,5.375,5.375,5.375,5.375,5.375,5.375,5.375,5.375,5.375,5.375,5.375,4.875,4.875,4.625,4.375,4.375
ZA,,,,,,,,,,,,,,,,,,,,,,,,,,,,,,,,,,,,,,,,,,,,,,,,,,,,,,,,,,,,,,,,,,,,,,,,,,,,,,,,,,,,,,,,,,,,,,,,,,,,,,,,,,,,,,,,,,,,,,,,,,,,,,,,,,,,,,,,,,,,,,,,,,,,,,,,,,,,,,,,,,,,,,,,,,,,,,,,,,,,,,,,,,,,,,,,,,,,,,,,,,,,,,,,,,,,,,,,,,,,,,,,,,,,,,,,,,,,,,,,,,,,,,,,,,,,,,,,,,,,,,,,,,,,,,,,,,,,,,,,,,,,,,,,,,,,,,,,,,,,,,,,,,,,,,,,,,,,,,,,,,,,,,,,,,,,,,,,,,,,,,,,,,,,,,,,,,,,,,,,,,,,,,,,,,,,,,,,,,,,,,,,,,,,,,,,,,,,,,,,,,,,,,,,,,,,,,,,,,,,,,,,,,,,,,,,7,7,8,8,8,9.5,10.5,12.5,12.5,12.5,12.5,12.5,13.5,13.5,13.5,13.5,13.5,13.5,13.5,13.5,13.5,13.5,13.5,13.5,13.5,13.5,13.5,13.5,13.5,13.5,13.5,13.5,13.5,13.5,13.5,13.5,17.75,17.75,17.75,17.75,17.75,17.75,17.75,18.75,21.75,21.75,21.75,20.75,20.75,21.75,21.75,21.75,21.75,19.75,18.75,17.75,16,15,14,13,13,12,12,12,12,11,11,11,10.5,10,10,10,9.5,9.5,9.5,9.5,9.5,9.5,9.5,9.5,9.5,9.5,9.5,9.5,9.5,9.5,9.5,10.5,10.5,11.5,11.5,12.5,12.5,12.5,12.5,14.5,14.5,14.5,16,16,16,17,17,17,17,17,18,18,18,18,18,18,18,18,18,18,18,18,18,18,18,18,18,17,17,17,17,17,17,17,17,17,17,17,17,16,16,16,15,15,15,15,15,14,14,14,13,13,13,13,13,13,13,13,12,12,12,12,12,12,12,12,12,12,12,13,13,13,13,13,14,14,14,14,15,15,15,15,15,15,15,15,15,15,16,16,16,16,16,16,16,17,17,17,17,17,17,17,17,17,17,17,16,16,16,16,16,15,14.927,18,20.209,21.346,21.854,21.855,20.718,19.727,19.32,18.826,17.36,16.505,15.665,15.464,14.915,13.652,13.44,12.4,12.19,12,12,11.75,11.75,11.75,11.75,11.75,11.75,11.75,11.75,11.75,12,12,12,12,12,12,12,12,11,11,11,9.5,9.5,9.5,9.5,10.5,10.5,11.5,11.5,11.5,12.5,12.5,12.5,13.5,13.5,13.5,13.5,13.5,13.5,13.5,13.5,13.5,12,12,11,10,8.5,8.5,8,8,8,8,8,8,8,8,7.5,7.5,7.5,7.5,7.5,7.5,7.5,7.5,7,7,7,7,7,7,7,7,7,7,7,7,7,7,7.5,7.5,8,8,8.5,8.5,9,9,9,9,9,9,9.5,9.5,10,10,10.5,10.5,11,11,11,11,11.5,11.5,12,12,12,12,12,12,11.5,11.5,10.5,9.5,9.5,7.5,7.5,7.5,7,7,7,7,7,7,7,6.5,6.5,6.5,6.5,6.5,6.5,6,6,5.5,5.5,5.5,5.5,5.5,5.5,5.5,5.5,5.5,5.5,5.5,5.5,5.5,5.5,5.5,5.5,5.5,5.5,5.5,5.5,5,5,5,5,5,5,5,5,5,5,5,5,5,5,5,5,5,5,5.5,5.5,5.5,5.5,5.5,5.5,5.75,5.75,5.75,5.75,5.75,5.75,5.75,5.75,5.75,5.75,5.75,5.75,6,6,6,6,6.25,6.25,6.75,6.75,7,7,7,7,7,7,7,7,7,7,7,7,7,7,7,7,6.75,6.75,6.75,6.75,6.75,6.75,6.75,6.75,6.5,6.5,6.5,6.5,6.5,6.5,6.5,6.5,6.75,6.75,6.75,6.75,6.75,6.75,6.75,6.75,6.5,6.5,6.5,6.5,6.5,6.5,6.25,6.25,5.25,4.25,3.75,3.75,3.5,3.5,3.5,3.5,3.5,3.5,3.5,3.5,3.5,3.5,3.5,3.5,3.5,3.5,3.5,3.5,3.75,3.75,4,4,4.25,4.25,4.75,4.75,5.5,5.5,6.25,6.25,7,7,7.25,7.25,7.75,7.75,8.25,8.25,8.25,8.25,8.25,8.25,8.25,8.25,8.25,8.25,8.25,8.25,8.25,8.25,8.25,8.25,8,8,7.75,7.75,7.5
