Custom table,Dataflow,Dataflow name,Timespan,Last update of data,Downloaded at,Source,Source URL,Download URL,About Central bank policy rates
,"BIS,WS_CBPOL,1.0",Central bank policy rates,1945-01-31 - 2025-01-31,2025-02-27,2025-03-03 04:09 CET,BIS,https://data.bis.org/topics/CBPOL/data?data_view=table&rows=REF_AREA&cols=TIME_PERIOD&settings=asc%7Casc%7Ccode&filter=FREQ%3DM%255EREF_AREA_TXT%3DCanada%257CJapan%257CFrance%257CGermany%257CItaly%257CUnited%2520Kingdom%257CUnited%2520States,https://data.bis.org/topics/CBPOL/data?data_view=table&rows=REF_AREA&cols=TIME_PERIOD&settings=asc%7Casc%7Ccode&filter=FREQ%3DM%255EREF_AREA_TXT%3DCanada%257CJapan%257CFrance%257CGermany%257CItaly%257CUnited%2520Kingdom%257CUnited%2520States&file_format=csv&format=long&split_frequencies=false&transposed=false&include=code%2Clabel,https://data.bis.org/topics/CBPOL

REF_AREA,1945-01-31,1945-02-28,1945-03-31,1945-04-30,1945-05-31,1945-06-30,1945-07-31,1945-08-31,1945-09-30,1945-10-31,1945-11-30,1945-12-31,1946-01-31,1946-02-28,1946-03-31,1946-04-30,1946-05-31,1946-06-30,1946-07-31,1946-08-31,1946-09-30,1946-10-31,1946-11-30,1946-12-31,1947-01-31,1947-02-28,1947-03-31,1947-04-30,1947-05-31,1947-06-30,1947-07-31,1947-08-31,1947-09-30,1947-10-31,1947-11-30,1947-12-31,1948-01-31,1948-02-29,1948-03-31,1948-04-30,1948-05-31,1948-06-30,1948-07-31,1948-08-31,1948-09-30,1948-10-31,1948-11-30,1948-12-31,1949-01-31,1949-02-28,1949-03-31,1949-04-30,1949-05-31,1949-06-30,1949-07-31,1949-08-31,1949-09-30,1949-10-31,1949-11-30,1949-12-31,1950-01-31,1950-02-28,1950-03-31,1950-04-30,1950-05-31,1950-06-30,1950-07-31,1950-08-31,1950-09-30,1950-10-31,1950-11-30,1950-12-31,1951-01-31,1951-02-28,1951-03-31,1951-04-30,1951-05-31,1951-06-30,1951-07-31,1951-08-31,1951-09-30,1951-10-31,1951-11-30,1951-12-31,1952-01-31,1952-02-29,1952-03-31,1952-04-30,1952-05-31,1952-06-30,1952-07-31,1952-08-31,1952-09-30,1952-10-31,1952-11-30,1952-12-31,1953-01-31,1953-02-28,1953-03-31,1953-04-30,1953-05-31,1953-06-30,1953-07-31,1953-08-31,1953-09-30,1953-10-31,1953-11-30,1953-12-31,1954-01-31,1954-02-28,1954-03-31,1954-04-30,1954-05-31,1954-06-30,1954-07-31,1954-08-31,1954-09-30,1954-10-31,1954-11-30,1954-12-31,1955-01-31,1955-02-28,1955-03-31,1955-04-30,1955-05-31,1955-06-30,1955-07-31,1955-08-31,1955-09-30,1955-10-31,1955-11-30,1955-12-31,1956-01-31,1956-02-29,1956-03-31,1956-04-30,1956-05-31,1956-06-30,1956-07-31,1956-08-31,1956-09-30,1956-10-31,1956-11-30,1956-12-31,1957-01-31,1957-02-28,1957-03-31,1957-04-30,1957-05-31,1957-06-30,1957-07-31,1957-08-31,1957-09-30,1957-10-31,1957-11-30,1957-12-31,1958-01-31,1958-02-28,1958-03-31,1958-04-30,1958-05-31,1958-06-30,1958-07-31,1958-08-31,1958-09-30,1958-10-31,1958-11-30,1958-12-31,1959-01-31,1959-02-28,1959-03-31,1959-04-30,1959-05-31,1959-06-30,1959-07-31,1959-08-31,1959-09-30,1959-10-31,1959-11-30,1959-12-31,1960-01-31,1960-02-29,1960-03-31,1960-04-30,1960-05-31,1960-06-30,1960-07-31,1960-08-31,1960-09-30,1960-10-31,1960-11-30,1960-12-31,1961-01-31,1961-02-28,1961-03-31,1961-04-30,1961-05-31,1961-06-30,1961-07-31,1961-08-31,1961-09-30,1961-10-31,1961-11-30,1961-12-31,1962-01-31,1962-02-28,1962-03-31,1962-04-30,1962-05-31,1962-06-30,1962-07-31,1962-08-31,1962-09-30,1962-10-31,1962-11-30,1962-12-31,1963-01-31,1963-02-28,1963-03-31,1963-04-30,1963-05-31,1963-06-30,1963-07-31,1963-08-31,1963-09-30,1963-10-31,1963-11-30,1963-12-31,1964-01-31,1964-02-29,1964-03-31,1964-04-30,1964-05-31,1964-06-30,1964-07-31,1964-08-31,1964-09-30,1964-10-31,1964-11-30,1964-12-31,1965-01-31,1965-02-28,1965-03-31,1965-04-30,1965-05-31,1965-06-30,1965-07-31,1965-08-31,1965-09-30,1965-10-31,1965-11-30,1965-12-31,1966-01-31,1966-02-28,1966-03-31,1966-04-30,1966-05-31,1966-06-30,1966-07-31,1966-08-31,1966-09-30,1966-10-31,1966-11-30,1966-12-31,1967-01-31,1967-02-28,1967-03-31,1967-04-30,1967-05-31,1967-06-30,1967-07-31,1967-08-31,1967-09-30,1967-10-31,1967-11-30,1967-12-31,1968-01-31,1968-02-29,1968-03-31,1968-04-30,1968-05-31,1968-06-30,1968-07-31,1968-08-31,1968-09-30,1968-10-31,1968-11-30,1968-12-31,1969-01-31,1969-02-28,1969-03-31,1969-04-30,1969-05-31,1969-06-30,1969-07-31,1969-08-31,1969-09-30,1969-10-31,1969-11-30,1969-12-31,1970-01-31,1970-02-28,1970-03-31,1970-04-30,1970-05-31,1970-06-30,1970-07-31,1970-08-31,1970-09-30,1970-10-31,1970-11-30,1970-12-31,1971-01-31,1971-02-28,1971-03-31,1971-04-30,1971-05-31,1971-06-30,1971-07-31,1971-08-31,1971-09-30,1971-10-31,1971-11-30,1971-12-31,1972-01-31,1972-02-29,1972-03-31,1972-04-30,1972-05-31,1972-06-30,1972-07-31,1972-08-31,1972-09-30,1972-10-31,1972-11-30,1972-12-31,1973-01-31,1973-02-28,1973-03-31,1973-04-30,1973-05-31,1973-06-30,1973-07-31,1973-08-31,1973-09-30,1973-10-31,1973-11-30,1973-12-31,1974-01-31,1974-02-28,1974-03-31,1974-04-30,1974-05-31,1974-06-30,1974-07-31,1974-08-31,1974-09-30,1974-10-31,1974-11-30,1974-12-31,1975-01-31,1975-02-28,1975-03-31,1975-04-30,1975-05-31,1975-06-30,1975-07-31,1975-08-31,1975-09-30,1975-10-31,1975-11-30,1975-12-31,1976-01-31,1976-02-29,1976-03-31,1976-04-30,1976-05-31,1976-06-30,1976-07-31,1976-08-31,1976-09-30,1976-10-31,1976-11-30,1976-12-31,1977-01-31,1977-02-28,1977-03-31,1977-04-30,1977-05-31,1977-06-30,1977-07-31,1977-08-31,1977-09-30,1977-10-31,1977-11-30,1977-12-31,1978-01-31,1978-02-28,1978-03-31,1978-04-30,1978-05-31,1978-06-30,1978-07-31,1978-08-31,1978-09-30,1978-10-31,1978-11-30,1978-12-31,1979-01-31,1979-02-28,1979-03-31,1979-04-30,1979-05-31,1979-06-30,1979-07-31,1979-08-31,1979-09-30,1979-10-31,1979-11-30,1979-12-31,1980-01-31,1980-02-29,1980-03-31,1980-04-30,1980-05-31,1980-06-30,1980-07-31,1980-08-31,1980-09-30,1980-10-31,1980-11-30,1980-12-31,1981-01-31,1981-02-28,1981-03-31,1981-04-30,1981-05-31,1981-06-30,1981-07-31,1981-08-31,1981-09-30,1981-10-31,1981-11-30,1981-12-31,1982-01-31,1982-02-28,1982-03-31,1982-04-30,1982-05-31,1982-06-30,1982-07-31,1982-08-31,1982-09-30,1982-10-31,1982-11-30,1982-12-31,1983-01-31,1983-02-28,1983-03-31,1983-04-30,1983-05-31,1983-06-30,1983-07-31,1983-08-31,1983-09-30,1983-10-31,1983-11-30,1983-12-31,1984-01-31,1984-02-29,1984-03-31,1984-04-30,1984-05-31,1984-06-30,1984-07-31,1984-08-31,1984-09-30,1984-10-31,1984-11-30,1984-12-31,1985-01-31,1985-02-28,1985-03-31,1985-04-30,1985-05-31,1985-06-30,1985-07-31,1985-08-31,1985-09-30,1985-10-31,1985-11-30,1985-12-31,1986-01-31,1986-02-28,1986-03-31,1986-04-30,1986-05-31,1986-06-30,1986-07-31,1986-08-31,1986-09-30,1986-10-31,1986-11-30,1986-12-31,1987-01-31,1987-02-28,1987-03-31,1987-04-30,1987-05-31,1987-06-30,1987-07-31,1987-08-31,1987-09-30,1987-10-31,1987-11-30,1987-12-31,1988-01-31,1988-02-29,1988-03-31,1988-04-30,1988-05-31,1988-06-30,1988-07-31,1988-08-31,1988-09-30,1988-10-31,1988-11-30,1988-12-31,1989-01-31,1989-02-28,1989-03-31,1989-04-30,1989-05-31,1989-06-30,1989-07-31,1989-08-31,1989-09-30,1989-10-31,1989-11-30,1989-12-31,1990-01-31,1990-02-28,1990-03-31,1990-04-30,1990-05-31,1990-06-30,1990-07-31,1990-08-31,1990-09-30,1990-10-31,1990-11-30,1990-12-31,1991-01-31,1991-02-28,1991-03-31,1991-04-30,1991-05-31,1991-06-30,1991-07-31,1991-08-31,1991-09-30,1991-10-31,1991-11-30,1991-12-31,1992-01-31,1992-02-29,1992-03-31,1992-04-30,1992-05-31,1992-06-30,1992-07-31,1992-08-31,1992-09-30,1992-10-31,1992-11-30,1992-12-31,1993-01-31,1993-02-28,1993-03-31,1993-04-30,1993-05-31,1993-06-30,1993-07-31,1993-08-31,1993-09-30,1993-10-31,1993-11-30,1993-12-31,1994-01-31,1994-02-28,1994-03-31,1994-04-30,1994-05-31,1994-06-30,1994-07-31,1994-08-31,1994-09-30,1994-10-31,1994-11-30,1994-12-31,1995-01-31,1995-02-28,1995-03-31,1995-04-30,1995-05-31,1995-06-30,1995-07-31,1995-08-31,1995-09-30,1995-10-31,1995-11-30,1995-12-31,1996-01-31,1996-02-29,1996-03-31,1996-04-30,1996-05-31,1996-06-30,1996-07-31,1996-08-31,1996-09-30,1996-10-31,1996-11-30,1996-12-31,1997-01-31,1997-02-28,1997-03-31,1997-04-30,1997-05-31,1997-06-30,1997-07-31,1997-08-31,1997-09-30,1997-10-31,1997-11-30,1997-12-31,1998-01-31,1998-02-28,1998-03-31,1998-04-30,1998-05-31,1998-06-30,1998-07-31,1998-08-31,1998-09-30,1998-10-31,1998-11-30,1998-12-31,1999-01-31,1999-02-28,1999-03-31,1999-04-30,1999-05-31,1999-06-30,1999-07-31,1999-08-31,1999-09-30,1999-10-31,1999-11-30,1999-12-31,2000-01-31,2000-02-29,2000-03-31,2000-04-30,2000-05-31,2000-06-30,2000-07-31,2000-08-31,2000-09-30,2000-10-31,2000-11-30,2000-12-31,2001-01-31,2001-02-28,2001-03-31,2001-04-30,2001-05-31,2001-06-30,2001-07-31,2001-08-31,2001-09-30,2001-10-31,2001-11-30,2001-12-31,2002-01-31,2002-02-28,2002-03-31,2002-04-30,2002-05-31,2002-06-30,2002-07-31,2002-08-31,2002-09-30,2002-10-31,2002-11-30,2002-12-31,2003-01-31,2003-02-28,2003-03-31,2003-04-30,2003-05-31,2003-06-30,2003-07-31,2003-08-31,2003-09-30,2003-10-31,2003-11-30,2003-12-31,2004-01-31,2004-02-29,2004-03-31,2004-04-30,2004-05-31,2004-06-30,2004-07-31,2004-08-31,2004-09-30,2004-10-31,2004-11-30,2004-12-31,2005-01-31,2005-02-28,2005-03-31,2005-04-30,2005-05-31,2005-06-30,2005-07-31,2005-08-31,2005-09-30,2005-10-31,2005-11-30,2005-12-31,2006-01-31,2006-02-28,2006-03-31,2006-04-30,2006-05-31,2006-06-30,2006-07-31,2006-08-31,2006-09-30,2006-10-31,2006-11-30,2006-12-31,2007-01-31,2007-02-28,2007-03-31,2007-04-30,2007-05-31,2007-06-30,2007-07-31,2007-08-31,2007-09-30,2007-10-31,2007-11-30,2007-12-31,2008-01-31,2008-02-29,2008-03-31,2008-04-30,2008-05-31,2008-06-30,2008-07-31,2008-08-31,2008-09-30,2008-10-31,2008-11-30,2008-12-31,2009-01-31,2009-02-28,2009-03-31,2009-04-30,2009-05-31,2009-06-30,2009-07-31,2009-08-31,2009-09-30,2009-10-31,2009-11-30,2009-12-31,2010-01-31,2010-02-28,2010-03-31,2010-04-30,2010-05-31,2010-06-30,2010-07-31,2010-08-31,2010-09-30,2010-10-31,2010-11-30,2010-12-31,2011-01-31,2011-02-28,2011-03-31,2011-04-30,2011-05-31,2011-06-30,2011-07-31,2011-08-31,2011-09-30,2011-10-31,2011-11-30,2011-12-31,2012-01-31,2012-02-29,2012-03-31,2012-04-30,2012-05-31,2012-06-30,2012-07-31,2012-08-31,2012-09-30,2012-10-31,2012-11-30,2012-12-31,2013-01-31,2013-02-28,2013-03-31,2013-04-30,2013-05-31,2013-06-30,2013-07-31,2013-08-31,2013-09-30,2013-10-31,2013-11-30,2013-12-31,2014-01-31,2014-02-28,2014-03-31,2014-04-30,2014-05-31,2014-06-30,2014-07-31,2014-08-31,2014-09-30,2014-10-31,2014-11-30,2014-12-31,2015-01-31,2015-02-28,2015-03-31,2015-04-30,2015-05-31,2015-06-30,2015-07-31,2015-08-31,2015-09-30,2015-10-31,2015-11-30,2015-12-31,2016-01-31,2016-02-29,2016-03-31,2016-04-30,2016-05-31,2016-06-30,2016-07-31,2016-08-31,2016-09-30,2016-10-31,2016-11-30,2016-12-31,2017-01-31,2017-02-28,2017-03-31,2017-04-30,2017-05-31,2017-06-30,2017-07-31,2017-08-31,2017-09-30,2017-10-31,2017-11-30,2017-12-31,2018-01-31,2018-02-28,2018-03-31,2018-04-30,2018-05-31,2018-06-30,2018-07-31,2018-08-31,2018-09-30,2018-10-31,2018-11-30,2018-12-31,2019-01-31,2019-02-28,2019-03-31,2019-04-30,2019-05-31,2019-06-30,2019-07-31,2019-08-31,2019-09-30,2019-10-31,2019-11-30,2019-12-31,2020-01-31,2020-02-29,2020-03-31,2020-04-30,2020-05-31,2020-06-30,2020-07-31,2020-08-31,2020-09-30,2020-10-31,2020-11-30,2020-12-31,2021-01-31,2021-02-28,2021-03-31,2021-04-30,2021-05-31,2021-06-30,2021-07-31,2021-08-31,2021-09-30,2021-10-31,2021-11-30,2021-12-31,2022-01-31,2022-02-28,2022-03-31,2022-04-30,2022-05-31,2022-06-30,2022-07-31,2022-08-31,2022-09-30,2022-10-31,2022-11-30,2022-12-31,2023-01-31,2023-02-28,2023-03-31,2023-04-30,2023-05-31,2023-06-30,2023-07-31,2023-08-31,2023-09-30,2023-10-31,2023-11-30,2023-12-31,2024-01-31,2024-02-29,2024-03-31,2024-04-30,2024-05-31,2024-06-30,2024-07-31,2024-08-31,2024-09-30,2024-10-31,2024-11-30,2024-12-31,2025-01-31
CA,,,,,,,,,,,,,,,,,,,,,,,,,,,,,,,,,,,,,,,,,,,,,,,,,,,,,,,,,,,,,,,,,,,,,,,,,,,,,,,,,,,,,,,,,,,,,,,,,,,,,,,,,,,,,,,,,,,,,,,,,,,,,,,,,,,,,,,,,,,,,,,,,,,,,,,,,,,,,,,,,,,,,,,,,,,,,,,,,,,,,,,,,,,3.17,2.5,1.95,3.28,4.02,3.5,3.29,3.36,3.46,3.53,3.42,2.82,2.8,2.51,2.84,2.75,2.75,3.24,3.35,3.42,3.37,3.32,3.77,6.0,6.0,6.0,5.5,5.0,4.0,4.0,4.0,4.0,4.0,4.0,3.5,3.5,3.5,4.0,4.0,4.0,4.0,4.0,4.0,4.0,4.0,4.0,4.0,4.0,4.0,4.0,4.0,4.0,4.25,4.25,4.25,4.25,4.25,4.25,4.25,4.25,4.25,4.25,4.25,4.25,4.25,4.75,4.75,4.75,5.25,5.25,5.25,5.25,5.25,5.25,5.25,5.25,5.25,5.25,5.0,5.0,5.0,4.5,4.5,4.5,4.5,4.5,5.0,5.0,6.0,6.0,7.0,7.0,7.5,7.5,7.5,7.5,6.5,6.5,6.0,6.0,6.0,6.5,6.5,6.5,7.0,7.0,7.0,7.5,8.0,8.0,8.0,8.0,8.0,8.0,8.0,8.0,8.0,8.0,7.5,7.0,7.0,7.0,6.5,6.5,6.0,6.0,6.0,5.25,5.25,5.25,5.25,5.25,5.25,5.25,5.25,4.75,4.75,4.75,4.75,4.75,4.75,4.75,4.75,4.75,4.75,4.75,4.75,4.75,4.75,4.75,4.75,4.75,4.75,5.25,5.75,6.25,6.25,6.75,7.25,7.25,7.25,7.25,7.25,7.25,7.25,8.25,8.75,8.75,9.25,9.25,9.25,9.25,8.75,8.75,8.25,8.25,8.25,8.25,8.25,8.25,8.25,8.25,9.0,9.0,9.0,9.0,9.0,9.0,9.5,9.5,9.5,9.5,9.5,9.5,9.5,9.5,9.0,8.5,8.5,8.0,8.0,8.0,7.5,7.5,7.5,7.5,7.5,7.5,7.5,7.5,7.5,7.5,8.0,8.5,8.5,8.5,9.0,9.0,9.5,10.25,10.75,10.75,11.25,11.25,11.25,11.25,11.25,11.25,11.75,11.75,12.25,14.0,14.0,14.0,14.0,14.0,15.49,15.67,11.83,10.63,10.31,10.74,11.2,12.16,13.95,17.26,17.11,17.08,16.69,17.6,18.68,19.08,20.54,21.07,19.63,18.21,15.32,14.66,14.59,14.83,15.11,15.23,15.43,16.58,15.5,13.95,12.98,11.46,10.97,10.05,9.83,9.48,9.42,9.37,9.5,9.42,9.49,9.57,9.49,9.49,9.63,9.96,9.98,10.04,10.78,10.84,11.54,12.36,12.98,12.38,12.27,11.71,10.75,10.09,9.75,11.52,10.65,10.02,9.76,9.58,9.31,9.2,9.0,8.78,9.1,9.49,10.8,11.8,10.44,9.27,8.58,8.84,8.51,8.58,8.6,8.55,8.49,8.49,7.49,7.53,7.05,8.33,8.44,8.54,9.22,9.24,9.57,8.09,8.56,8.66,8.62,8.57,8.78,9.12,9.17,9.44,9.54,10.03,10.58,10.54,10.84,11.19,11.43,11.86,12.39,12.62,12.4,12.33,12.36,12.41,12.48,12.42,12.46,12.47,12.29,13.25,13.51,13.8,13.92,13.83,13.48,12.92,12.65,12.66,12.26,11.72,10.73,9.97,9.92,9.49,9.06,8.9,8.94,8.78,8.59,8.04,7.66,7.67,7.29,7.5,7.49,6.97,6.33,5.85,5.42,5.07,5.69,6.3,8.82,7.36,6.81,6.09,5.36,5.6,5.1,4.79,4.41,4.99,4.9,4.63,4.34,4.11,3.88,4.1,5.64,6.07,6.59,5.69,5.38,5.38,5.0,4.94,5.44,5.69,7.25,8.12,8.06,7.97,7.59,7.19,6.56,6.25,6.19,6.19,5.94,5.78,5.56,5.19,5.0,4.75,4.75,4.75,4.5,4.0,4.0,3.25,3.0,3.0,3.0,3.0,3.0,3.0,3.0,3.25,3.25,3.25,3.25,3.5,3.75,4.25,4.75,4.75,4.75,4.75,4.75,4.75,4.75,5.75,5.5,5.25,5.0,5.0,5.0,5.0,4.75,4.75,4.5,4.5,4.5,4.5,4.5,4.5,4.75,4.75,4.75,5.0,5.25,5.25,5.75,5.75,5.75,5.75,5.75,5.75,5.75,5.75,5.5,5.5,5.0,4.75,4.5,4.5,4.25,4.0,3.5,2.75,2.25,2.25,2.0,2.0,2.0,2.25,2.25,2.5,2.75,2.75,2.75,2.75,2.75,2.75,2.75,2.75,3.0,3.25,3.25,3.25,3.0,3.0,2.75,2.75,2.75,2.75,2.5,2.5,2.25,2.0,2.0,2.0,2.0,2.0,2.25,2.5,2.5,2.5,2.5,2.5,2.5,2.5,2.5,2.5,2.5,2.5,2.75,3.0,3.0,3.25,3.5,3.5,3.75,4.0,4.25,4.25,4.25,4.25,4.25,4.25,4.25,4.25,4.25,4.25,4.25,4.25,4.25,4.25,4.5,4.5,4.5,4.5,4.5,4.25,4.0,4.0,3.5,3.0,3.0,3.0,3.0,3.0,3.0,2.25,2.25,1.5,1.0,1.0,0.5,0.25,0.25,0.25,0.25,0.25,0.25,0.25,0.25,0.25,0.25,0.25,0.25,0.25,0.25,0.5,0.75,0.75,1.0,1.0,1.0,1.0,1.0,1.0,1.0,1.0,1.0,1.0,1.0,1.0,1.0,1.0,1.0,1.0,1.0,1.0,1.0,1.0,1.0,1.0,1.0,1.0,1.0,1.0,1.0,1.0,1.0,1.0,1.0,1.0,1.0,1.0,1.0,1.0,1.0,1.0,1.0,1.0,1.0,1.0,1.0,1.0,1.0,1.0,1.0,1.0,1.0,1.0,1.0,1.0,0.75,0.75,0.75,0.75,0.75,0.75,0.5,0.5,0.5,0.5,0.5,0.5,0.5,0.5,0.5,0.5,0.5,0.5,0.5,0.5,0.5,0.5,0.5,0.5,0.5,0.5,0.5,0.5,0.5,0.5,0.75,0.75,1.0,1.0,1.0,1.0,1.25,1.25,1.25,1.25,1.25,1.25,1.5,1.5,1.5,1.75,1.75,1.75,1.75,1.75,1.75,1.75,1.75,1.75,1.75,1.75,1.75,1.75,1.75,1.75,1.75,1.75,0.25,0.25,0.25,0.25,0.25,0.25,0.25,0.25,0.25,0.25,0.25,0.25,0.25,0.25,0.25,0.25,0.25,0.25,0.25,0.25,0.25,0.25,0.25,0.25,0.5,1.0,1.0,1.5,2.5,2.5,3.25,3.75,3.75,4.25,4.5,4.5,4.5,4.5,4.5,4.75,5.0,5.0,5.0,5.0,5.0,5.0,5.0,5.0,5.0,5.0,5.0,4.75,4.5,4.5,4.25,3.75,3.75,3.25,3.0
DE,,,,,,,,,,,,,,,,,,,,,,,,,,,,,,,,,,,,,,,,,,,5.0,5.0,5.0,5.0,5.0,5.0,5.0,5.0,5.0,5.0,4.5,4.5,4.0,4.0,4.0,4.0,4.0,4.0,4.0,4.0,4.0,4.0,4.0,4.0,4.0,4.0,4.0,6.0,6.0,6.0,6.0,6.0,6.0,6.0,6.0,6.0,6.0,6.0,6.0,6.0,6.0,6.0,6.0,6.0,6.0,6.0,5.0,5.0,5.0,4.5,4.5,4.5,4.5,4.5,4.0,4.0,4.0,4.0,4.0,3.5,3.5,3.5,3.5,3.5,3.5,3.5,3.5,3.5,3.5,3.5,3.0,3.0,3.0,3.0,3.0,3.0,3.0,3.0,3.0,3.0,3.0,3.0,3.0,3.0,3.0,3.5,3.5,3.5,3.5,3.5,3.5,3.5,4.5,4.5,5.5,5.5,5.5,5.5,5.0,5.0,5.0,5.0,4.5,4.5,4.5,4.5,4.5,4.5,4.5,4.5,4.0,4.0,4.0,4.0,3.5,3.5,3.5,3.5,3.5,3.0,3.0,3.0,3.0,3.0,3.0,3.0,2.75,2.75,2.75,2.75,2.75,2.75,2.75,2.75,3.0,4.0,4.0,4.0,4.0,4.0,4.0,4.0,4.0,5.0,5.0,5.0,5.0,5.0,4.0,4.0,3.5,3.5,3.5,3.5,3.0,3.0,3.0,3.0,3.0,3.0,3.0,3.0,3.0,3.0,3.0,3.0,3.0,3.0,3.0,3.0,3.0,3.0,3.0,3.0,3.0,3.0,3.0,3.0,3.0,3.0,3.0,3.0,3.0,3.0,3.0,3.0,3.0,3.0,3.0,3.0,3.0,3.0,3.0,3.0,3.0,3.0,3.0,3.0,3.5,3.5,3.5,3.5,3.5,3.5,3.5,4.0,4.0,4.0,4.0,4.0,4.0,4.0,4.0,4.0,5.0,5.0,5.0,5.0,5.0,5.0,5.0,5.0,4.5,4.0,4.0,3.5,3.0,3.0,3.0,3.0,3.0,3.0,3.0,3.0,3.0,3.0,3.0,3.0,3.0,3.0,3.0,3.0,3.0,3.0,3.0,3.0,3.0,3.0,3.0,4.0,4.0,5.0,5.0,5.0,6.0,6.0,6.0,6.0,6.0,6.0,7.5,7.5,7.5,7.5,7.0,7.0,7.0,7.0,6.5,6.0,6.0,6.0,6.0,5.0,5.0,5.0,5.0,5.0,5.0,4.5,4.5,4.0,4.0,3.0,3.0,3.0,3.0,3.0,3.0,3.0,3.0,3.5,4.0,4.5,5.0,5.0,5.0,5.0,6.0,7.0,7.0,7.0,7.0,7.0,7.0,7.0,7.0,7.0,7.0,7.0,7.0,7.0,7.0,7.0,7.0,6.5,6.5,6.0,6.0,5.5,5.0,5.0,4.5,4.5,4.5,4.0,3.5,3.5,3.5,3.5,3.5,3.5,3.5,3.5,3.5,3.5,3.5,3.5,3.5,3.5,3.5,3.5,3.5,3.5,3.5,3.5,3.5,3.5,3.5,3.5,3.5,3.5,3.5,3.0,3.0,3.0,3.0,3.0,3.0,3.0,3.0,3.0,3.0,3.0,3.0,3.0,4.0,4.0,5.0,5.0,5.0,5.5,6.0,6.0,6.0,6.0,7.0,7.0,7.0,8.5,8.5,8.5,9.5,9.5,9.5,9.5,9.0,9.0,9.0,9.0,9.0,9.0,9.0,9.0,9.0,9.0,9.0,9.0,9.0,9.0,9.0,9.0,9.0,9.0,9.0,9.0,9.0,9.0,9.0,8.0,8.0,7.0,7.0,6.0,6.0,6.0,5.0,5.0,5.0,5.0,5.0,5.0,5.5,5.5,5.5,5.5,5.5,5.5,5.5,5.5,5.5,5.5,5.5,5.5,5.5,5.5,5.5,5.5,5.4,5.7,5.9,5.6,5.55,5.3,4.95,4.6,4.55,4.55,4.55,4.6,4.5,4.5,4.3,4.35,4.35,4.35,4.35,4.35,4.35,4.35,4.4,4.65,4.6,3.8,3.8,3.8,3.55,3.55,3.6,3.6,3.65,3.8,3.25,3.25,3.25,3.25,3.25,3.25,3.25,3.5,4.0,4.25,4.25,4.35,4.35,5.0,5.3,6.0,5.8,6.1,6.5,6.5,6.6,6.7,7.0,7.3,7.3,7.3,7.7,7.85,7.85,7.8,7.8,7.8,7.9,7.95,8.0,8.0,8.0,8.55,8.6,8.5,8.5,8.6,8.6,8.75,8.8,9.0,9.0,9.0,9.05,9.55,9.4,9.45,9.55,9.6,9.65,9.65,9.7,9.7,9.2,8.75,8.75,8.75,8.59,8.5,8.25,7.75,7.6,7.6,6.95,6.8,6.7,6.4,6.25,6.0,6.0,6.0,5.76,5.47,5.21,4.97,4.85,4.85,4.85,4.85,4.85,4.85,4.85,4.85,4.85,4.51,4.52,4.51,4.51,4.3,4.08,4.04,3.98,3.75,3.55,3.3,3.3,3.3,3.3,3.3,3.3,3.0,3.0,3.0,3.0,3.0,3.0,3.0,3.0,3.0,3.0,3.0,3.0,3.0,3.0,3.3,3.3,3.3,3.3,3.3,3.3,3.3,3.3,3.3,3.3,3.3,3.3,3.3,3.3,3.0,,,,,,,,,,,,,,,,,,,,,,,,,,,,,,,,,,,,,,,,,,,,,,,,,,,,,,,,,,,,,,,,,,,,,,,,,,,,,,,,,,,,,,,,,,,,,,,,,,,,,,,,,,,,,,,,,,,,,,,,,,,,,,,,,,,,,,,,,,,,,,,,,,,,,,,,,,,,,,,,,,,,,,,,,,,,,,,,,,,,,,,,,,,,,,,,,,,,,,,,,,,,,,,,,,,,,,,,,,,,,,,,,,,,,,,,,,,,,,,,,,,,,,,,,,,,,,,,,,,,,,,,,,,,,,,,,,,,,,,,,,,,,,,,,,,,,,,,,,,,,,,,,,,,,,,,,
FR,1.625,1.625,1.625,1.625,1.625,1.625,1.625,1.625,1.625,1.625,1.625,1.625,1.625,1.625,1.625,1.625,1.625,1.625,1.625,1.625,1.625,1.625,1.625,1.625,2.25,2.25,2.25,2.25,2.25,2.25,2.25,2.25,2.25,3.0,3.0,3.0,3.0,3.0,3.0,3.0,3.0,3.0,3.0,3.0,3.0,3.0,3.0,3.0,3.0,3.0,3.0,3.0,3.0,3.0,3.0,3.0,3.0,3.0,3.0,3.0,3.0,3.0,3.0,3.0,3.0,2.5,2.5,2.5,2.5,2.5,2.5,2.5,2.5,2.5,2.5,2.5,2.5,2.5,2.5,2.5,2.5,3.0,4.0,4.0,4.0,4.0,4.0,4.0,4.0,4.0,4.0,4.0,4.0,4.0,4.0,4.0,4.0,4.0,4.0,4.0,4.0,4.0,4.0,4.0,4.0,4.0,4.0,4.0,4.0,3.25,3.25,3.25,3.25,3.25,3.25,3.25,3.5,3.5,3.5,3.0,3.0,3.0,3.0,3.0,3.0,3.0,3.0,3.0,3.0,3.0,3.0,3.0,3.0,3.0,3.0,3.0,3.0,3.0,3.0,3.0,3.0,3.0,3.0,3.0,3.0,3.0,3.0,4.0,4.0,4.0,4.0,5.0,5.0,5.0,5.0,5.0,5.0,5.0,5.0,5.0,5.0,5.0,5.0,5.0,5.0,4.5,4.5,4.5,4.5,4.25,4.25,4.0,4.0,4.0,4.0,4.0,4.0,4.0,4.0,4.0,4.0,4.0,4.0,4.0,4.0,4.0,4.0,4.0,4.0,3.5,3.5,3.5,3.5,3.5,3.5,3.5,3.5,3.5,3.5,3.5,3.5,3.5,3.5,3.5,3.5,3.5,3.5,3.5,3.5,3.5,3.5,3.5,3.5,3.5,3.5,3.5,3.5,3.5,3.5,3.5,3.5,3.5,3.5,3.5,3.5,3.5,4.0,4.0,4.0,4.0,4.0,4.0,4.0,4.0,4.0,4.0,4.0,4.0,4.0,4.0,4.0,4.0,4.0,3.5,3.5,3.5,3.5,3.5,3.5,3.5,3.5,3.5,3.5,3.5,3.5,3.5,3.5,3.5,3.5,3.5,3.5,3.5,3.5,3.5,3.5,3.5,3.5,3.5,3.5,3.5,3.5,3.5,3.5,3.5,3.5,3.5,3.5,3.5,3.5,3.5,3.5,3.5,5.0,5.0,5.0,5.0,6.0,6.0,6.0,6.0,6.0,6.0,6.0,7.0,7.0,7.0,7.0,8.0,8.0,8.0,8.0,8.0,8.0,8.0,8.0,8.0,8.0,7.5,7.5,7.0,7.0,7.0,6.5,6.5,6.5,6.5,6.75,6.75,6.75,6.75,6.75,6.5,6.5,6.5,6.0,6.0,6.0,5.75,5.75,5.75,5.75,5.75,5.75,5.75,7.5,7.5,7.5,7.5,7.5,7.5,7.5,7.5,8.625,8.875,9.8125,10.875,10.8125,10.6875,11.5,10.75,10.5,10.625,10.625,11.875,11.75,11.75,11.75,11.5,11.0,10.75,10.0,9.625,9.5,7.875,7.25,7.0,7.0,7.0,7.0,6.75,6.5,6.25,6.5,7.625,7.375,7.375,7.5,7.5,8.375,9.25,9.25,9.25,10.25,10.25,9.875,9.75,9.5,9.125,9.0,8.875,8.5,8.25,8.125,8.125,8.5,8.875,8.75,8.75,8.75,8.375,8.125,7.75,7.375,7.375,7.25,7.0,6.875,6.375,6.375,6.375,6.75,6.75,7.125,8.375,10.25,10.25,11.25,11.5,12.0,12.125,12.0,12.375,12.875,12.75,12.75,12.25,12.0,11.25,11.25,11.25,11.25,11.25,10.75,10.75,10.75,10.75,10.75,10.75,17.5,17.125,17.75,15.5,15.25,14.75,14.75,14.125,17.0,16.0,16.0,15.25,14.75,14.0,13.75,13.25,13.0,12.75,12.5,12.5,12.5,12.5,12.5,12.25,12.25,12.25,12.25,12.25,12.0,12.0,12.0,12.0,12.0,12.0,11.75,11.5,11.25,11.25,11.0,11.0,10.75,10.75,10.5,10.5,10.5,10.25,10.125,10.125,9.625,9.625,9.375,9.125,8.75,8.75,8.75,8.5,8.25,7.5,7.25,7.0,7.0,7.0,7.0,7.0,7.0,7.25,8.0,8.0,7.75,7.75,7.75,7.5,7.5,7.5,7.5,7.5,8.0,7.75,7.25,7.25,7.25,7.25,7.0,7.0,6.75,7.0,7.0,7.25,7.25,7.75,8.25,8.25,8.25,8.25,8.25,8.25,8.75,8.75,8.75,9.5,9.5,10.0,10.0,10.0,10.0,9.5,9.5,9.5,9.5,9.5,9.5,9.5,9.25,9.25,9.25,9.25,9.0,9.0,9.0,9.0,9.0,9.0,9.0,8.75,9.25,9.6,9.6,9.6,9.6,9.6,9.6,9.6,9.6,9.6,9.6,9.6,9.1,9.1,9.1,9.1,9.1,8.25,7.5,7.0,6.75,6.75,6.75,6.45,6.45,6.2,6.2,6.1,6.0,5.7,5.4,5.2,5.0,5.0,5.0,5.0,5.0,5.0,5.0,5.0,5.0,5.0,5.0,5.0,5.0,5.0,5.0,5.0,4.8,4.45,4.2,3.9,3.8,3.7,3.7,3.6,3.55,3.35,3.25,3.25,3.2,3.15,3.1,3.1,3.1,3.1,3.1,3.1,3.1,3.1,3.1,3.3,3.3,3.3,3.3,3.3,3.3,3.3,3.3,3.3,3.3,3.3,3.3,3.3,3.3,3.0,,,,,,,,,,,,,,,,,,,,,,,,,,,,,,,,,,,,,,,,,,,,,,,,,,,,,,,,,,,,,,,,,,,,,,,,,,,,,,,,,,,,,,,,,,,,,,,,,,,,,,,,,,,,,,,,,,,,,,,,,,,,,,,,,,,,,,,,,,,,,,,,,,,,,,,,,,,,,,,,,,,,,,,,,,,,,,,,,,,,,,,,,,,,,,,,,,,,,,,,,,,,,,,,,,,,,,,,,,,,,,,,,,,,,,,,,,,,,,,,,,,,,,,,,,,,,,,,,,,,,,,,,,,,,,,,,,,,,,,,,,,,,,,,,,,,,,,,,,,,,,,,,,,,,,,,,
GB,,,,,,,,,,,,,2.0,2.0,2.0,2.0,2.0,2.0,2.0,2.0,2.0,2.0,2.0,2.0,2.0,2.0,2.0,2.0,2.0,2.0,2.0,2.0,2.0,2.0,2.0,2.0,2.0,2.0,2.0,2.0,2.0,2.0,2.0,2.0,2.0,2.0,2.0,2.0,2.0,2.0,2.0,2.0,2.0,2.0,2.0,2.0,2.0,2.0,2.0,2.0,2.0,2.0,2.0,2.0,2.0,2.0,2.0,2.0,2.0,2.0,2.0,2.0,2.0,2.0,2.0,2.0,2.0,2.0,2.0,2.0,2.0,2.0,2.5,2.5,2.5,2.5,4.0,4.0,4.0,4.0,4.0,4.0,4.0,4.0,4.0,4.0,4.0,4.0,4.0,4.0,4.0,4.0,4.0,4.0,3.5,3.5,3.5,3.5,3.5,3.5,3.5,3.5,3.0,3.0,3.0,3.0,3.0,3.0,3.0,3.0,3.5,4.5,4.5,4.5,4.5,4.5,4.5,4.5,4.5,4.5,4.5,4.5,4.5,5.5,5.5,5.5,5.5,5.5,5.5,5.5,5.5,5.5,5.5,5.5,5.5,5.0,5.0,5.0,5.0,5.0,5.0,5.0,7.0,7.0,7.0,7.0,7.0,7.0,6.0,6.0,5.5,5.0,5.0,4.5,4.5,4.5,4.0,4.0,4.0,4.0,4.0,4.0,4.0,4.0,4.0,4.0,4.0,4.0,4.0,4.0,5.0,5.0,5.0,5.0,5.0,6.0,6.0,6.0,6.0,5.5,5.5,5.0,5.0,5.0,5.0,5.0,5.0,5.0,7.0,7.0,7.0,6.5,6.0,6.0,6.0,6.0,5.0,4.5,4.5,4.5,4.5,4.5,4.5,4.5,4.5,4.5,4.0,4.0,4.0,4.0,4.0,4.0,4.0,4.0,4.0,4.0,4.0,4.0,4.0,5.0,5.0,5.0,5.0,5.0,5.0,5.0,5.0,5.0,7.0,7.0,7.0,7.0,7.0,7.0,7.0,6.0,6.0,6.0,6.0,6.0,6.0,6.0,6.0,6.0,6.0,6.0,6.0,6.0,7.0,7.0,7.0,7.0,7.0,7.0,6.5,6.5,6.0,6.0,5.5,5.5,5.5,5.5,5.5,6.0,8.0,8.0,8.0,8.0,7.5,7.5,7.5,7.5,7.5,7.5,7.0,7.0,7.0,7.0,7.0,8.0,8.0,8.0,8.0,8.0,8.0,8.0,8.0,8.0,8.0,8.0,8.0,8.0,7.5,7.0,7.0,7.0,7.0,7.0,7.0,7.0,7.0,7.0,7.0,7.0,7.0,6.0,6.0,6.0,6.0,6.0,5.0,5.0,5.0,5.0,5.0,5.0,5.0,5.0,5.0,6.0,6.0,6.0,6.0,7.5,7.5,9.0,8.75,8.75,8.5,8.25,7.75,7.5,11.5,11.5,11.5,11.25,13.0,13.0,12.75,12.5,12.5,12.0,11.75,11.75,11.75,11.75,11.5,11.5,11.5,11.5,11.0,10.5,10.0,9.75,10.0,10.0,11.0,11.0,11.0,12.0,11.75,11.25,10.5,9.5,9.0,10.5,11.5,11.5,11.5,11.5,13.0,15.0,14.75,14.25,12.25,12.0,9.5,8.75,8.0,8.0,8.0,7.0,6.0,5.0,7.0,7.0,6.5,6.5,6.5,7.5,9.0,10.0,10.0,10.0,10.0,10.0,12.5,12.5,12.5,14.0,13.0,12.0,12.0,14.0,14.0,14.0,14.0,14.0,17.0,17.0,17.0,17.0,17.0,17.0,17.0,17.0,16.0,16.0,16.0,16.0,14.0,14.0,14.0,14.0,12.0,12.0,12.0,12.0,12.0,12.6875,14.0,15.125,14.5625,14.375,13.875,13.625,13.25,13.125,13.125,12.625,11.625,10.625,10.125,9.625,10.0,10.0,11.0,11.0,10.5625,10.0625,10.0625,9.5625,9.5625,9.5625,9.5625,9.0625,9.0625,9.0625,9.0625,9.0625,8.5625,8.5625,9.0625,8.875,12.0,10.5,10.5,10.5,9.5,9.5,13.875,13.875,12.875,12.375,12.375,12.375,11.375,11.375,11.375,11.375,11.375,11.375,12.375,12.375,11.375,10.375,9.875,9.875,9.875,9.875,9.875,10.875,10.875,10.875,10.875,10.875,9.875,9.375,8.875,8.875,8.875,9.875,9.875,9.375,8.875,8.375,8.375,8.875,8.375,7.875,7.375,8.875,10.375,11.875,11.875,11.875,12.875,12.875,12.875,12.875,12.875,12.875,13.75,13.75,13.75,13.8438,13.75,14.875,14.875,14.875,14.875,14.875,14.875,14.875,14.875,14.875,14.875,14.875,14.875,13.875,13.875,13.875,13.875,12.875,12.375,11.875,11.375,11.375,10.875,10.875,10.375,10.375,10.375,10.375,10.375,10.375,10.375,10.375,9.875,9.875,9.875,9.875,8.875,7.875,6.875,6.875,5.875,5.875,5.875,5.875,5.875,5.875,5.875,5.875,5.875,5.875,5.375,5.375,5.375,5.125,5.125,5.125,5.125,5.125,5.125,5.125,5.625,5.625,5.625,6.125,6.125,6.625,6.625,6.625,6.625,6.625,6.625,6.625,6.625,6.625,6.625,6.375,6.125,6.125,5.9375,5.9375,5.9375,5.6875,5.6875,5.6875,5.6875,5.9375,5.9375,5.9375,5.9375,5.9375,5.9375,5.9375,6.25,6.5,6.75,7.0,7.0,7.0,7.25,7.25,7.25,7.25,7.25,7.25,7.25,7.5,7.5,7.5,7.5,7.25,6.75,6.25,6.0,5.5,5.5,5.25,5.25,5.0,5.0,5.0,5.25,5.25,5.5,5.5,5.75,6.0,6.0,6.0,6.0,6.0,6.0,6.0,6.0,6.0,6.0,6.0,6.0,5.75,5.75,5.5,5.25,5.25,5.25,5.0,4.75,4.5,4.0,4.0,4.0,4.0,4.0,4.0,4.0,4.0,4.0,4.0,4.0,4.0,4.0,4.0,4.0,3.75,3.75,3.75,3.75,3.75,3.5,3.5,3.5,3.5,3.75,3.75,3.75,4.0,4.0,4.0,4.25,4.5,4.5,4.75,4.75,4.75,4.75,4.75,4.75,4.75,4.75,4.75,4.75,4.75,4.75,4.5,4.5,4.5,4.5,4.5,4.5,4.5,4.5,4.5,4.5,4.5,4.5,4.75,4.75,4.75,5.0,5.0,5.25,5.25,5.25,5.25,5.5,5.5,5.75,5.75,5.75,5.75,5.75,5.5,5.5,5.25,5.25,5.0,5.0,5.0,5.0,5.0,5.0,4.5,3.0,2.0,1.5,1.0,0.5,0.5,0.5,0.5,0.5,0.5,0.5,0.5,0.5,0.5,0.5,0.5,0.5,0.5,0.5,0.5,0.5,0.5,0.5,0.5,0.5,0.5,0.5,0.5,0.5,0.5,0.5,0.5,0.5,0.5,0.5,0.5,0.5,0.5,0.5,0.5,0.5,0.5,0.5,0.5,0.5,0.5,0.5,0.5,0.5,0.5,0.5,0.5,0.5,0.5,0.5,0.5,0.5,0.5,0.5,0.5,0.5,0.5,0.5,0.5,0.5,0.5,0.5,0.5,0.5,0.5,0.5,0.5,0.5,0.5,0.5,0.5,0.5,0.5,0.5,0.5,0.5,0.5,0.5,0.5,0.5,0.5,0.5,0.5,0.5,0.5,0.5,0.5,0.5,0.25,0.25,0.25,0.25,0.25,0.25,0.25,0.25,0.25,0.25,0.25,0.25,0.25,0.25,0.25,0.5,0.5,0.5,0.5,0.5,0.5,0.5,0.5,0.5,0.75,0.75,0.75,0.75,0.75,0.75,0.75,0.75,0.75,0.75,0.75,0.75,0.75,0.75,0.75,0.75,0.75,0.75,0.75,0.1,0.1,0.1,0.1,0.1,0.1,0.1,0.1,0.1,0.1,0.1,0.1,0.1,0.1,0.1,0.1,0.1,0.1,0.1,0.1,0.1,0.25,0.25,0.5,0.75,0.75,1.0,1.25,1.25,1.75,2.25,2.25,3.0,3.5,3.5,4.0,4.25,4.25,4.5,5.0,5.0,5.25,5.25,5.25,5.25,5.25,5.25,5.25,5.25,5.25,5.25,5.25,5.25,5.0,5.0,5.0,4.75,4.75,4.75
IT,4.0,4.0,4.0,4.0,4.0,4.0,4.0,4.0,4.0,4.0,4.0,4.0,4.0,4.0,4.0,4.0,4.0,4.0,4.0,4.0,4.0,4.0,4.0,4.0,4.0,4.0,4.0,4.0,4.0,4.0,4.0,4.0,5.5,5.5,5.5,5.5,5.5,5.5,5.5,5.5,5.5,5.5,5.5,5.5,5.5,5.5,5.5,5.5,5.5,5.5,5.5,4.5,4.5,4.5,4.5,4.5,4.5,4.5,4.5,4.5,4.5,4.5,4.5,4.0,4.0,4.0,4.0,4.0,4.0,4.0,4.0,4.0,4.0,4.0,4.0,4.0,4.0,4.0,4.0,4.0,4.0,4.0,4.0,4.0,4.0,4.0,4.0,4.0,4.0,4.0,4.0,4.0,4.0,4.0,4.0,4.0,4.0,4.0,4.0,4.0,4.0,4.0,4.0,4.0,4.0,4.0,4.0,4.0,4.0,4.0,4.0,4.0,4.0,4.0,4.0,4.0,4.0,4.0,4.0,4.0,4.0,4.0,4.0,4.0,4.0,4.0,4.0,4.0,4.0,4.0,4.0,4.0,4.0,4.0,4.0,4.0,4.0,4.0,4.0,4.0,4.0,4.0,4.0,4.0,4.0,4.0,4.0,4.0,4.0,4.0,4.0,4.0,4.0,4.0,4.0,4.0,4.0,4.0,4.0,4.0,4.0,3.5,3.5,3.5,3.5,3.5,3.5,3.5,3.5,3.5,3.5,3.5,3.5,3.5,3.5,3.5,3.5,3.5,3.5,3.5,3.5,3.5,3.5,3.5,3.5,3.5,3.5,3.5,3.5,3.5,3.5,3.5,3.5,3.5,3.5,3.5,3.5,3.5,3.5,3.5,3.5,3.5,3.5,3.5,3.5,3.5,3.5,3.5,3.5,3.5,3.5,3.5,3.5,3.5,3.5,3.5,3.5,3.5,3.5,3.5,3.5,3.5,3.5,3.5,3.5,3.5,3.5,3.5,3.5,3.5,3.5,3.5,3.5,3.5,3.5,3.5,3.5,3.5,3.5,3.5,3.5,3.5,3.5,3.5,3.5,3.5,3.5,3.5,3.5,3.5,3.5,3.5,3.5,3.5,3.5,3.5,3.5,3.5,3.5,3.5,3.5,3.5,3.5,3.5,3.5,3.5,3.5,3.5,3.5,3.5,3.5,3.5,3.5,3.5,3.5,3.5,3.5,3.5,3.5,3.5,3.5,3.5,3.5,3.5,3.5,3.5,3.5,3.5,3.5,3.5,3.5,3.5,3.5,3.5,3.5,4.0,4.0,4.0,4.0,4.0,4.0,4.0,5.5,5.5,5.5,5.5,5.5,5.5,5.5,5.5,5.5,5.5,5.5,5.5,5.5,5.0,5.0,5.0,5.0,5.0,5.0,4.5,4.5,4.5,4.5,4.5,4.5,4.0,4.0,4.0,4.0,4.0,4.0,4.0,4.0,4.0,4.0,4.0,4.0,4.0,4.0,4.0,4.0,4.0,6.5,6.5,6.5,6.5,6.5,6.5,9.0,9.0,9.0,9.0,9.0,9.0,9.0,9.0,9.0,8.0,8.0,8.0,8.0,8.0,7.0,7.0,7.0,7.0,6.0,6.0,6.0,6.0,6.0,8.0,12.0,12.0,12.0,12.0,12.0,12.0,12.0,15.0,15.0,15.0,15.0,15.0,15.0,15.0,15.0,13.0,13.0,11.5,11.5,11.5,11.5,11.5,11.5,11.5,11.5,11.5,11.5,11.5,11.5,11.5,10.5,10.5,10.5,10.5,10.5,10.5,10.5,10.5,10.5,10.5,10.5,10.5,10.5,12.0,12.0,15.0,15.0,15.0,15.0,15.0,15.0,15.0,15.0,15.0,16.5,16.5,16.5,16.5,16.5,16.5,19.0,19.0,19.0,19.0,19.0,19.0,19.0,19.0,19.0,19.0,19.0,19.0,19.0,19.0,19.0,19.0,19.0,18.0,18.0,18.0,18.0,18.0,18.0,18.0,18.0,17.0,17.0,17.0,17.0,17.0,17.0,17.0,17.0,17.0,17.0,16.0,16.0,16.0,15.5,15.5,15.5,15.5,16.5,16.5,16.5,16.5,15.5,15.5,15.5,15.5,15.5,15.5,15.5,15.5,15.5,15.5,15.0,15.0,15.0,15.0,14.0,13.0,12.0,12.0,12.0,12.0,12.0,12.0,12.0,12.0,12.0,12.0,11.5,11.5,11.5,11.5,11.5,12.0,12.0,12.0,12.0,12.0,12.0,12.0,12.0,12.0,12.0,12.0,12.0,12.5,12.5,12.5,12.5,12.5,12.5,12.5,13.5,13.5,13.5,13.5,13.5,13.5,13.5,13.5,13.5,13.5,13.5,13.5,13.5,13.5,12.5,12.5,12.5,12.5,12.5,12.5,12.5,12.5,12.5,12.5,12.5,12.5,11.5,11.5,11.5,11.5,11.5,11.5,11.5,12.0,12.0,12.0,12.0,12.0,12.0,12.0,13.75,13.25,15.0,14.0,13.0,12.0,12.0,11.5,11.5,11.0,10.5,10.0,9.0,9.0,8.5,8.0,8.0,8.0,8.0,7.5,7.5,7.5,7.0,7.0,7.0,7.5,7.5,7.5,7.5,7.5,7.5,8.25,8.25,8.25,9.0,9.0,9.0,9.0,9.0,9.0,9.0,9.0,9.0,9.0,9.0,9.0,9.0,9.0,8.25,8.25,8.25,7.5,7.5,7.5,6.75,6.75,6.75,6.75,6.75,6.25,6.25,6.25,6.25,6.25,6.25,5.5,5.5,5.5,5.5,5.0,5.0,5.0,5.0,5.0,5.0,4.0,4.0,3.0,,,,,,,,,,,,,,,,,,,,,,,,,,,,,,,,,,,,,,,,,,,,,,,,,,,,,,,,,,,,,,,,,,,,,,,,,,,,,,,,,,,,,,,,,,,,,,,,,,,,,,,,,,,,,,,,,,,,,,,,,,,,,,,,,,,,,,,,,,,,,,,,,,,,,,,,,,,,,,,,,,,,,,,,,,,,,,,,,,,,,,,,,,,,,,,,,,,,,,,,,,,,,,,,,,,,,,,,,,,,,,,,,,,,,,,,,,,,,,,,,,,,,,,,,,,,,,,,,,,,,,,,,,,,,,,,,,,,,,,,,,,,,,,,,,,,,,,,,,,,,,,,,,,,,,,,,
JP,,,,,,,,,,,,,3.29,3.29,3.29,3.29,3.29,3.29,3.29,3.29,3.29,3.65,3.65,3.65,3.65,3.65,3.65,3.65,3.65,3.65,3.65,3.65,3.65,3.65,3.65,3.65,3.65,3.65,3.65,4.38,4.38,4.38,5.11,5.11,5.11,5.11,5.11,5.11,5.11,5.11,5.11,5.11,5.11,5.11,5.11,5.11,5.11,5.11,5.11,5.11,5.11,5.11,5.11,5.11,5.11,5.11,5.11,5.11,5.11,5.11,5.11,5.11,5.11,5.11,5.11,5.11,5.11,5.11,5.11,5.11,5.11,5.84,5.84,5.84,5.84,5.84,5.84,5.84,5.84,5.84,5.84,5.84,5.84,5.84,5.84,5.84,5.84,5.84,5.84,5.84,5.84,5.84,5.84,5.84,5.84,5.84,5.84,5.84,5.84,5.84,5.84,5.84,5.84,5.84,5.84,5.84,5.84,5.84,5.84,5.84,5.84,5.84,5.84,5.84,5.84,5.84,5.84,7.3,7.3,7.3,7.3,7.3,7.3,7.3,7.3,7.3,7.3,7.3,7.3,7.3,7.3,7.3,7.3,7.3,7.3,7.3,7.67,7.67,8.4,8.4,8.4,8.4,8.4,8.4,8.4,8.4,8.4,8.4,8.4,8.4,8.4,7.67,7.67,7.67,7.3,7.3,7.3,7.3,7.3,6.94,6.94,6.94,6.94,6.94,6.94,6.94,6.94,6.94,6.94,7.3,7.3,7.3,7.3,7.3,7.3,7.3,7.3,6.94,6.94,6.94,6.94,6.94,6.57,6.57,6.57,6.57,6.57,6.57,6.94,6.94,7.3,7.3,7.3,7.3,7.3,7.3,7.3,7.3,7.3,7.3,7.3,7.3,7.3,6.94,6.57,6.57,6.57,6.57,6.21,5.84,5.84,5.84,5.84,5.84,5.84,5.84,5.84,5.84,5.84,5.84,6.57,6.57,6.57,6.57,6.57,6.57,6.57,6.57,6.57,6.57,6.21,6.21,6.21,5.84,5.84,5.48,5.48,5.48,5.48,5.48,5.48,5.48,5.48,5.48,5.48,5.48,5.48,5.48,5.48,5.48,5.48,5.48,5.48,5.48,5.48,5.48,5.48,5.48,5.48,5.48,5.48,5.48,5.84,5.84,5.84,5.84,6.21,6.21,6.21,6.21,6.21,6.21,6.21,5.84,5.84,5.84,5.84,5.84,5.84,5.84,5.84,5.84,5.84,5.84,5.84,5.84,6.25,6.25,6.25,6.25,6.25,6.25,6.25,6.25,6.25,6.25,6.25,6.25,6.25,6.0,6.0,6.0,5.75,5.75,5.75,5.75,5.5,5.5,5.25,5.25,5.25,5.25,5.25,4.75,4.75,4.75,4.75,4.75,4.75,4.25,4.25,4.25,4.25,4.25,4.25,4.25,4.25,4.25,4.25,5.0,5.5,5.5,6.0,7.0,7.0,7.0,7.0,9.0,9.0,9.0,9.0,9.0,9.0,9.0,9.0,9.0,9.0,9.0,9.0,9.0,9.0,9.0,9.0,8.5,8.5,8.0,8.0,7.5,7.5,6.5,6.5,6.5,6.5,6.5,6.5,6.5,6.5,6.5,6.5,6.5,6.5,6.5,6.5,6.5,6.5,6.5,6.0,5.0,5.0,5.0,5.0,5.0,4.25,4.25,4.25,4.25,4.25,4.25,3.5,3.5,3.5,3.5,3.5,3.5,3.5,3.5,3.5,3.5,3.5,3.5,3.5,4.25,4.25,4.25,5.25,5.25,5.25,5.25,6.25,6.25,6.25,7.25,9.0,9.0,9.0,9.0,9.0,8.25,8.25,8.25,7.25,7.25,7.25,7.25,6.25,6.25,6.25,6.25,6.25,6.25,6.25,6.25,6.25,5.5,5.5,5.5,5.5,5.5,5.5,5.5,5.5,5.5,5.5,5.5,5.5,5.5,5.5,5.5,5.5,5.5,5.5,5.5,5.5,5.5,5.5,5.0,5.0,5.0,5.0,5.0,5.0,5.0,5.0,5.0,5.0,5.0,5.0,5.0,5.0,5.0,5.0,5.0,5.0,5.0,5.0,5.0,5.0,5.0,5.0,5.0,5.0,5.0,4.5,4.5,4.0,3.5,3.5,3.5,3.5,3.5,3.5,3.5,3.0,3.0,3.0,2.5,2.5,2.5,2.5,2.5,2.5,2.5,2.5,2.5,2.5,2.5,2.5,2.5,2.5,2.5,2.5,2.5,2.5,2.5,2.5,2.5,2.5,2.5,2.5,2.5,2.5,2.5,3.25,3.25,3.25,3.25,3.25,3.75,3.75,4.25,4.25,4.25,5.25,5.25,5.25,5.25,5.25,6.0,6.0,6.0,6.0,6.0,6.0,6.0,6.0,6.0,6.0,6.0,5.5,5.5,5.5,5.5,5.0,4.5,4.5,4.5,4.5,3.75,3.75,3.75,3.25,3.25,3.25,3.25,3.25,3.25,3.25,2.5,2.5,2.5,2.5,2.5,2.5,2.5,1.75,1.75,1.75,1.75,1.75,1.75,1.75,1.75,1.75,1.75,1.75,1.75,1.75,1.75,1.75,1.75,1.75,1.75,1.75,1.0,1.0,1.0,1.0,1.0,0.5,0.5,0.5,0.5,0.5,0.5,0.5,0.5,0.5,0.5,0.5,0.5,0.5,0.5,0.5,0.5,0.5,0.5,0.5,0.5,0.5,0.5,0.5,0.5,0.5,0.5,0.5,0.5,0.5,0.5,0.5,0.5,0.5,0.5,0.5,0.5,0.25,0.25,0.25,0.25,0.25,0.25,,,,,,,,,,,,,,,,,,0.25,0.25,0.25,0.25,0.25,0.25,0.15,0.15,,,,,,,,,,,,,,,,,,,,,,,,,,,,,,,,,,,,,,,,,,,,,,,,,,,,,,,,,,,,0.0,0.0,0.0,0.0,0.25,0.25,0.25,0.25,0.25,0.25,0.25,0.5,0.5,0.5,0.5,0.5,0.5,0.5,0.5,0.5,0.5,0.5,0.5,0.5,0.5,0.5,0.5,0.5,0.5,0.5,0.5,0.3,0.3,0.1,0.1,0.1,0.1,0.1,0.1,0.1,0.1,0.1,0.1,0.1,0.1,0.1,0.1,0.1,0.1,0.1,0.1,0.1,0.1,0.1,0.1,0.05,0.05,0.05,0.05,0.05,0.05,0.05,0.05,0.05,0.05,0.05,0.05,0.05,0.05,0.05,0.05,0.05,0.05,0.05,0.05,0.05,0.05,0.05,0.05,0.05,0.05,0.05,0.05,0.05,0.05,0.05,,,,,,,,,,,,,,,,,,,,,,,,,,,,,,,,,,,,,,,,,-0.1,-0.1,-0.1,-0.1,-0.1,-0.1,-0.1,-0.1,-0.1,-0.1,-0.1,-0.1,-0.1,-0.1,-0.1,-0.1,-0.1,-0.1,-0.1,-0.1,-0.1,-0.1,-0.1,-0.1,-0.1,-0.1,-0.1,-0.1,-0.1,-0.1,-0.1,-0.1,-0.1,-0.1,-0.1,-0.1,-0.1,-0.1,-0.1,-0.1,-0.1,-0.1,-0.1,-0.1,-0.1,-0.1,-0.1,-0.1,-0.1,-0.1,-0.1,-0.1,-0.1,-0.1,-0.1,-0.1,-0.1,-0.1,-0.1,-0.1,-0.1,-0.1,-0.1,-0.1,-0.1,-0.1,-0.1,-0.1,-0.1,-0.1,-0.1,-0.1,-0.1,-0.1,-0.1,-0.1,-0.1,-0.1,-0.1,-0.1,-0.1,-0.1,-0.1,-0.1,-0.1,-0.1,-0.1,-0.1,-0.1,-0.1,0.05,0.05,0.05,0.05,0.05,0.25,0.25,0.25,0.25,0.25,0.5
US,,,,,,,,,,,,,,,,,,,,,,,,,,,,,,,,,,,,,,,,,,,,,,,,,,,,,,,,,,,,,,,,,,,,,,,,,,,,,,,,,,,,,,,,,,,,,,,,,,,,,,,,,,,,,,,,,,,0.25,1.44,1.44,1.13,1.38,1.44,1.44,1.44,1.44,1.69,1.69,1.69,1.75,2.0,2.19,2.25,2.44,2.5,2.5,2.5,2.5,2.75,2.75,2.75,2.69,3.0,3.0,3.0,3.0,3.0,3.0,3.0,2.94,3.0,3.0,3.0,2.88,3.5,3.5,3.5,3.0,3.0,1.5,0.5,0.5,0.25,0.13,0.5,0.38,1.75,1.5,2.0,2.5,2.38,2.5,2.5,3.0,3.0,3.25,3.0,3.5,3.5,3.0,4.0,4.0,4.0,4.0,4.0,4.0,4.0,3.5,3.5,3.25,3.0,3.0,2.75,0.25,3.0,2.25,2.0,2.0,0.5,1.0,0.5,2.5,1.75,1.5,2.0,1.75,2.5,1.5,2.75,2.75,2.5,2.75,2.75,2.75,3.0,2.75,3.0,2.88,3.0,3.0,3.0,3.0,3.0,3.0,3.0,3.5,3.5,3.5,3.5,3.5,3.25,3.5,3.5,3.5,3.5,3.5,3.5,3.5,3.5,2.75,3.5,4.0,4.0,4.0,4.0,4.0,4.13,4.13,4.13,4.13,4.0,4.13,4.13,4.13,4.63,4.5,4.63,4.75,4.63,4.75,5.5,5.75,4.5,5.75,5.75,5.75,5.0,4.0,4.75,4.5,4.0,4.13,3.5,3.75,4.0,3.75,4.13,4.5,4.5,4.75,4.75,5.25,6.25,6.13,5.5,6.0,5.75,5.5,6.0,6.0,4.0,6.38,7.0,6.25,8.0,9.38,7.5,8.75,9.75,8.5,9.0,9.25,5.0,9.38,8.5,7.5,8.5,7.88,5.75,6.75,6.5,5.0,6.13,5.5,3.0,4.0,3.38,4.5,4.25,4.88,4.75,5.5,5.75,5.38,5.13,4.25,3.0,3.13,3.25,4.0,4.31,4.75,4.5,4.5,5.13,4.88,4.88,5.19,5.5,6.5,7.5,7.38,7.63,8.13,8.88,11.22,11.22,10.82,10.61,10.34,9.83,9.31,8.87,9.95,11.0,11.64,13.31,12.06,11.6,11.11,9.66,9.47,3.87,6.76,6.07,5.39,7.03,5.23,5.97,6.23,6.13,6.22,5.65,5.29,5.37,4.84,4.89,5.07,5.1,5.67,5.71,5.32,5.31,5.31,5.02,4.69,4.17,4.65,4.73,4.72,5.12,5.47,5.64,5.86,6.03,6.46,6.6,6.56,6.53,6.79,6.83,6.97,7.25,7.43,8.01,8.0,8.4,8.9,9.35,9.94,10.84,10.57,10.24,10.07,10.43,10.31,10.54,10.81,11.29,12.16,14.82,13.96,14.77,13.4,16.33,19.85,14.64,11.06,10.44,9.93,10.74,13.19,13.77,18.56,22.0,17.25,15.53,14.63,18.92,17.56,18.64,17.46,16.83,16.58,14.44,12.44,13.13,14.21,13.74,16.8,15.28,13.38,14.58,11.41,10.63,12.17,9.41,8.93,11.2,8.56,8.53,10.81,8.84,8.94,10.06,9.52,9.59,10.59,9.43,9.34,9.92,9.35,9.45,10.24,10.9,10.81,10.85,11.83,11.64,11.23,9.99,8.92,8.74,8.73,8.74,8.58,8.58,7.64,7.95,8.61,7.8,8.84,8.08,8.54,7.75,7.75,7.75,7.25,6.75,6.8125,6.875,6.375,5.875,5.875,5.875,5.875,5.875,6.0,6.0,6.0,6.5,6.75,6.75,6.625,6.75,7.3125,7.3125,6.8125,6.8125,6.625,6.5,6.75,6.75,7.25,7.4375,7.6875,8.125,8.125,8.125,8.375,8.6875,9.0,9.75,9.75,9.75,9.8125,9.5625,9.0625,9.0625,9.0625,8.75,8.5,8.25,8.25,8.25,8.25,8.25,8.25,8.25,8.0,8.0,8.0,7.75,7.5,7.0,6.75,6.25,6.0,5.75,5.75,5.75,5.75,5.5,5.25,5.0,4.75,4.0,4.0,4.0,4.0,3.75,3.75,3.75,3.25,3.25,3.0,3.0,3.0,3.0,3.0,3.0,3.0,3.0,3.0,3.0,3.0,3.0,3.0,3.0,3.0,3.0,3.0,3.25,3.5,3.75,4.25,4.25,4.25,4.75,4.75,4.75,5.5,5.5,5.5,6.0,6.0,6.0,6.0,6.0,5.75,5.75,5.75,5.75,5.75,5.5,5.25,5.25,5.25,5.25,5.25,5.25,5.25,5.25,5.25,5.25,5.25,5.25,5.25,5.25,5.5,5.5,5.5,5.5,5.5,5.5,5.5,5.5,5.5,5.5,5.5,5.5,5.5,5.5,5.5,5.5,5.5,5.5,5.25,5.0,4.75,4.75,4.75,4.75,4.75,4.75,4.75,5.0,5.0,5.25,5.25,5.25,5.5,5.5,5.5,5.75,6.0,6.0,6.5,6.5,6.5,6.5,6.5,6.5,6.5,6.5,5.5,5.5,5.0,4.5,4.0,3.75,3.75,3.5,3.0,2.5,2.0,1.75,1.75,1.75,1.75,1.75,1.75,1.75,1.75,1.75,1.75,1.75,1.25,1.25,1.25,1.25,1.25,1.25,1.25,1.0,1.0,1.0,1.0,1.0,1.0,1.0,1.0,1.0,1.0,1.0,1.0,1.25,1.25,1.5,1.75,1.75,2.0,2.25,2.25,2.5,2.75,2.75,3.0,3.25,3.25,3.5,3.75,3.75,4.0,4.25,4.5,4.5,4.75,4.75,5.0,5.25,5.25,5.25,5.25,5.25,5.25,5.25,5.25,5.25,5.25,5.25,5.25,5.25,5.25,5.25,4.75,4.5,4.5,4.25,3.0,3.0,2.25,2.0,2.0,2.0,2.0,2.0,2.0,1.0,1.0,0.125,0.125,0.125,0.125,0.125,0.125,0.125,0.125,0.125,0.125,0.125,0.125,0.125,0.125,0.125,0.125,0.125,0.125,0.125,0.125,0.125,0.125,0.125,0.125,0.125,0.125,0.125,0.125,0.125,0.125,0.125,0.125,0.125,0.125,0.125,0.125,0.125,0.125,0.125,0.125,0.125,0.125,0.125,0.125,0.125,0.125,0.125,0.125,0.125,0.125,0.125,0.125,0.125,0.125,0.125,0.125,0.125,0.125,0.125,0.125,0.125,0.125,0.125,0.125,0.125,0.125,0.125,0.125,0.125,0.125,0.125,0.125,0.125,0.125,0.125,0.125,0.125,0.125,0.125,0.125,0.125,0.125,0.125,0.125,0.375,0.375,0.375,0.375,0.375,0.375,0.375,0.375,0.375,0.375,0.375,0.375,0.625,0.625,0.625,0.875,0.875,0.875,1.125,1.125,1.125,1.125,1.125,1.125,1.375,1.375,1.375,1.625,1.625,1.625,1.875,1.875,1.875,2.125,2.125,2.125,2.375,2.375,2.375,2.375,2.375,2.375,2.375,2.375,2.125,1.875,1.625,1.625,1.625,1.625,1.625,0.125,0.125,0.125,0.125,0.125,0.125,0.125,0.125,0.125,0.125,0.125,0.125,0.125,0.125,0.125,0.125,0.125,0.125,0.125,0.125,0.125,0.125,0.125,0.125,0.375,0.375,0.875,1.625,2.375,2.375,3.125,3.125,3.875,4.375,4.375,4.625,4.875,4.875,5.125,5.125,5.375,5.375,5.375,5.375,5.375,5.375,5.375,5.375,5.375,5.375,5.375,5.375,5.375,5.375,4.875,4.875,4.625,4.375,4.375
""
